StudID,Year,Class,Session,Credit Hour,Course Code,Total Marks,Grade Pointer Average,Grade,Group
S1,2017,DDT1B,DEC,2,CSA,50,1.3,D+,PASS
S2,2018,DDT1C,DEC,1,CSA,54,1.3,D+,PASS
S3,2018,DDT1C,DEC,1,CSA,92,3.8,A,EXCELLENT
S4,2016,DDT1A,JUNE,1,ICS,84,3.3,B+,DISTINCTION
S5,2019,DDT1D,JUNE,3,ICS,47,1,D,PASS
S6,2019,DDT1D,JUNE,3,ICS,74,2.7,B-,PASS
S7,2017,DDT1B,DEC,1,ICS,62,2,C,PASS
S8,2016,DDT1A,DEC,2,ICS,64,2,C,PASS
S9,2018,DDT1C,DEC,2,ICS,57,1.7,C-,PASS
S10,2017,DDT1B,DEC,1,CSA,66,2.3,C+,PASS
S11,2019,DDT1D,DEC,1,ICS,80,3.3,B+,DISTINCTION
S12,2016,DDT1A,DEC,3,CSA,45,1,D,PASS
S13,2017,DDT1B,JUNE,1,ICS,84,3.3,B+,DISTINCTION
S14,2018,DDT1C,JUNE,1,CSA,78,3,B,DISTINCTION
S15,2018,DDT1C,DEC,2,ICS,81,3.3,B+,DISTINCTION
S16,2018,DDT1C,DEC,3,ICS,64,2,C,PASS
S17,2018,DDT1C,DEC,1,CSA,70,2.7,B-,PASS
S18,2018,DDT1C,DEC,2,ICS,98,4,A+,EXCEPTIONAL
S19,2019,DDT1D,DEC,1,ICS,62,2,C,PASS
S20,2019,DDT1D,DEC,2,ICS,86,3.7,A-,DISTINCTION
S21,2017,DDT1B,DEC,1,ICS,91,3.8,A,EXCELLENT
S22,2019,DDT1D,DEC,3,CSA,55,1.7,C-,PASS
S23,2017,DDT1B,DEC,2,ICS,65,2.3,C+,PASS
S24,2016,DDT1A,JUNE,2,ICS,69,2.3,C+,PASS
S25,2016,DDT1A,DEC,,ICS,68,2.3,C+,PASS
S26,2019,DDT1D,JUNE,3,ICS,69,2.3,C+,PASS
S27,2018,DDT1C,DEC,1,CSA,71,2.7,B-,PASS
S28,2016,DDT1A,JUNE,3,ICS,85,3.7,A-,DISTINCTION
S29,2019,DDT1D,DEC,2,ICS,39,0,F,FAIL
S30,2018,DDT1C,DEC,3,ICS,48,1,D,PASS
S31,2019,DDT1D,DEC,2,ICS,67,2.3,C+,PASS
S32,2017,DDT1B,JUNE,2,ICS,98,4,A+,EXCEPTIONAL
S33,2017,DDT1B,JUNE,3,ICS,74,2.7,B-,PASS
S34,2017,DDT1B,DEC,1,ICS,54,1.3,D+,PASS
S35,2016,DDT1A,JUNE,3,CSA,50,1.3,D+,PASS
S36,2017,DDT1B,JUNE,2,CSA,75,3,B,DISTINCTION
S37,2017,DDT1B,DEC,3,ICS,95,4,A+,EXCEPTIONAL
S38,2018,DDT1C,JUNE,2,ICS,96,4,A+,EXCEPTIONAL
S39,2016,DDT1A,JUNE,3,ICS,62,2,C,PASS
S40,2017,DDT1B,DEC,1,CSA,55,1.7,C-,PASS
S41,2016,DDT1A,JUNE,3,CSA,61,2,C,PASS
S42,2019,DDT1D,JUNE,1,ICS,82,3.3,B+,DISTINCTION
S43,2017,DDT1B,DEC,1,CSA,95,4,A+,EXCEPTIONAL
S44,2016,DDT1A,DEC,3,CSA,93,3.8,A,EXCELLENT
S45,2018,DDT1C,DEC,1,CSA,61,2,C,PASS
S46,2019,DDT1D,DEC,1,ICS,75,3,B,DISTINCTION
S47,2019,DDT1D,DEC,2,CSA,66,2.3,C+,PASS
S48,2019,DDT1D,JUNE,2,ICS,97,4,A+,EXCEPTIONAL
S49,2019,DDT1D,DEC,1,CSA,57,1.7,C-,PASS
S50,2019,DDT1D,JUNE,3,ICS,38,0,F,FAIL
S51,2016,DDT1A,JUNE,2,ICS,47,1,D,PASS
S52,2019,DDT1D,JUNE,2,ICS,49,1,D,PASS
S53,2016,DDT1A,DEC,1,CSA,39,0,F,FAIL
S54,2017,DDT1B,DEC,1,ICS,84,3.3,B+,DISTINCTION
S55,2017,DDT1B,DEC,2,CSA,95,4,A+,EXCEPTIONAL
S56,2016,DDT1A,DEC,3,ICS,51,1.3,D+,PASS
S57,2018,DDT1C,JUNE,1,ICS,38,0,F,FAIL
S58,2018,DDT1C,JUNE,1,ICS,40,0,E,FAIL
S59,2017,DDT1B,DEC,2,ICS,74,2.7,B-,PASS
S60,2016,DDT1A,JUNE,3,ICS,95,4,A+,EXCEPTIONAL
S61,2016,DDT1A,JUNE,2,ICS,64,2,C,PASS
S62,2019,DDT1D,DEC,2,ICS,64,2,C,PASS
S63,2019,DDT1D,DEC,2,ICS,71,2.7,B-,PASS
S64,2016,DDT1A,DEC,2,CSA,99,4,A+,EXCEPTIONAL
S65,2019,DDT1D,JUNE,1,CSA,60,2,C,PASS
S66,2019,DDT1D,JUNE,3,CSA,95,4,A+,EXCEPTIONAL
S67,2019,DDT1D,JUNE,1,CSA,96,4,A+,EXCEPTIONAL
S68,2019,DDT1D,DEC,2,ICS,65,2.3,C+,PASS
S69,2016,DDT1A,DEC,2,ICS,68,2.3,C+,PASS
S70,2016,DDT1A,JUNE,1,CSA,95,4,A+,EXCEPTIONAL
S71,2016,DDT1A,DEC,2,CSA,61,2,C,PASS
S72,2019,DDT1D,DEC,3,ICS,38,0,F,FAIL
S73,2019,DDT1D,DEC,2,ICS,51,1.3,D+,PASS
S74,2019,DDT1D,DEC,3,CSA,79,3,B,DISTINCTION
S75,2016,DDT1A,DEC,2,CSA,61,2,C,PASS
S76,2017,DDT1B,DEC,3,CSA,84,3.3,B+,DISTINCTION
S77,2019,DDT1D,JUNE,1,CSA,78,3,B,DISTINCTION
S78,2019,DDT1D,JUNE,2,CSA,96,4,A+,EXCEPTIONAL
S79,2019,DDT1D,JUNE,2,CSA,54,1.3,D+,PASS
S80,2019,DDT1D,DEC,1,ICS,95,4,A+,EXCEPTIONAL
S81,2019,DDT1D,DEC,1,CSA,87,3.7,A-,DISTINCTION
S82,2016,DDT1A,DEC,1,CSA,52,1.3,D+,PASS
S83,2016,DDT1A,DEC,1,ICS,61,2,C,PASS
S84,2018,DDT1C,DEC,3,CSA,60,2,C,PASS
S85,2017,DDT1B,JUNE,1,ICS,87,3.7,A-,DISTINCTION
S86,2019,DDT1D,JUNE,3,ICS,68,2.3,C+,PASS
S87,2017,DDT1B,DEC,1,ICS,54,1.3,D+,PASS
S88,2019,DDT1D,DEC,1,ICS,68,2.3,C+,PASS
S89,2019,DDT1D,DEC,2,CSA,76,3,B,DISTINCTION
S90,2017,DDT1B,DEC,2,ICS,41,0,E,FAIL
S91,2019,DDT1D,JUNE,2,CSA,77,3,B,DISTINCTION
S92,2017,DDT1B,JUNE,3,CSA,80,3.3,B+,DISTINCTION
S93,2016,DDT1A,DEC,3,ICS,50,1.3,D+,PASS
S94,2016,DDT1A,DEC,1,CSA,89,3.7,A-,DISTINCTION
S95,2017,DDT1B,JUNE,3,ICS,71,2.7,B-,PASS
S96,2016,DDT1A,DEC,3,ICS,51,1.3,D+,PASS
S97,2019,DDT1D,JUNE,2,ICS,87,3.7,A-,DISTINCTION
S98,2017,DDT1B,DEC,1,ICS,66,2.3,C+,PASS
S99,2018,DDT1C,DEC,2,CSA,55,1.7,C-,PASS
S100,2019,DDT1D,JUNE,3,CSA,52,1.3,D+,PASS
S101,2017,DDT1B,JUNE,2,CSA,67,2.3,C+,PASS
S102,2016,DDT1A,DEC,1,CSA,88,3.7,A-,DISTINCTION
S103,2018,DDT1C,JUNE,3,ICS,58,1.7,C-,PASS
S104,2019,DDT1D,DEC,1,CSA,92,3.8,A,EXCELLENT
S105,2018,DDT1C,DEC,2,CSA,42,0,E,FAIL
S106,2019,DDT1D,JUNE,1,CSA,64,2,C,PASS
S107,2016,DDT1A,JUNE,2,ICS,77,3,B,DISTINCTION
S108,2017,DDT1B,DEC,2,ICS,95,4,A+,EXCEPTIONAL
S109,2019,DDT1D,JUNE,2,CSA,87,3.7,A-,DISTINCTION
S110,2017,DDT1B,DEC,1,ICS,95,4,A+,EXCEPTIONAL
S111,2019,DDT1D,DEC,2,CSA,67,2.3,C+,PASS
S112,2016,DDT1A,DEC,3,ICS,59,1.7,C-,PASS
S113,2019,DDT1D,DEC,2,CSA,42,0,E,FAIL
S114,2017,DDT1B,DEC,1,ICS,97,4,A+,EXCEPTIONAL
S115,2018,DDT1C,JUNE,1,CSA,38,0,F,FAIL
S116,2019,DDT1D,JUNE,1,ICS,95,4,A+,EXCEPTIONAL
S117,2016,DDT1A,JUNE,2,ICS,58,1.7,C-,PASS
S118,2017,DDT1B,DEC,1,CSA,81,3.3,B+,DISTINCTION
S119,2017,DDT1B,JUNE,2,ICS,39,0,F,FAIL
S120,2018,DDT1C,DEC,3,ICS,68,2.3,C+,PASS
S121,2017,DDT1B,JUNE,2,CSA,88,3.7,A-,DISTINCTION
S122,2018,DDT1C,JUNE,3,ICS,87,3.7,A-,DISTINCTION
S123,2016,DDT1A,JUNE,3,ICS,68,2.3,C+,PASS
S124,2018,DDT1C,JUNE,3,CSA,49,1,D,PASS
S125,2017,DDT1B,JUNE,2,CSA,73,2.7,B-,PASS
S126,2018,DDT1C,DEC,1,ICS,90,3.8,A,EXCELLENT
S127,2017,DDT1B,DEC,1,CSA,51,1.3,D+,PASS
S128,2019,DDT1D,DEC,3,CSA,75,3,B,DISTINCTION
S129,2016,DDT1A,DEC,2,ICS,80,3.3,B+,DISTINCTION
S130,2016,DDT1A,DEC,2,ICS,38,0,F,FAIL
S131,2016,DDT1A,JUNE,1,CSA,63,2,C,PASS
S132,2017,DDT1B,DEC,1,ICS,39,0,F,FAIL
S133,2019,DDT1D,DEC,3,CSA,94,3.8,A,EXCELLENT
S134,2016,DDT1A,DEC,2,ICS,71,2.7,B-,PASS
S135,2019,DDT1D,JUNE,3,CSA,76,3,B,DISTINCTION
S136,2016,DDT1A,JUNE,3,CSA,98,4,A+,EXCEPTIONAL
S137,2017,DDT1B,JUNE,2,CSA,81,3.3,B+,DISTINCTION
S138,2016,DDT1A,DEC,3,CSA,72,2.7,B-,PASS
S139,2018,DDT1C,DEC,3,ICS,70,2.7,B-,PASS
S140,2016,DDT1A,JUNE,3,ICS,61,2,C,PASS
S141,2018,DDT1C,JUNE,1,ICS,47,1,D,PASS
S142,2018,DDT1C,JUNE,,ICS,87,3.7,A-,DISTINCTION
S143,2017,DDT1B,DEC,3,ICS,47,1,D,PASS
S144,2017,DDT1B,DEC,3,ICS,66,2.3,C+,PASS
S145,2018,DDT1C,DEC,2,CSA,43,0,E,FAIL
S146,2019,DDT1D,DEC,2,ICS,85,3.7,A-,DISTINCTION
S147,2018,DDT1C,JUNE,1,ICS,78,3,B,DISTINCTION
S148,2016,DDT1A,JUNE,2,CSA,95,4,A+,EXCEPTIONAL
S149,2017,DDT1B,JUNE,1,CSA,67,2.3,C+,PASS
S150,2018,DDT1C,DEC,2,ICS,83,3.3,B+,DISTINCTION
S151,2019,DDT1D,JUNE,3,CSA,88,3.7,A-,DISTINCTION
S152,2019,DDT1D,JUNE,1,CSA,59,1.7,C-,PASS
S153,2017,DDT1B,JUNE,2,ICS,74,2.7,B-,PASS
S154,2018,DDT1C,JUNE,1,CSA,80,3.3,B+,DISTINCTION
S155,2019,DDT1D,JUNE,3,CSA,76,3,B,DISTINCTION
S156,2019,DDT1D,DEC,1,CSA,69,2.3,C+,PASS
S157,2018,DDT1C,DEC,1,ICS,79,3,B,DISTINCTION
S158,2016,DDT1A,DEC,3,ICS,87,3.7,A-,DISTINCTION
S159,2017,DDT1B,DEC,3,CSA,83,3.3,B+,DISTINCTION
S160,2018,DDT1C,JUNE,3,CSA,59,1.7,C-,PASS
S161,2019,DDT1D,DEC,2,ICS,69,2.3,C+,PASS
S162,2016,DDT1A,JUNE,2,CSA,86,3.7,A-,DISTINCTION
S163,2017,DDT1B,JUNE,1,ICS,54,1.3,D+,PASS
S164,2018,DDT1C,JUNE,2,ICS,84,3.3,B+,DISTINCTION
S165,2017,DDT1B,DEC,2,CSA,62,2,C,PASS
S166,2018,DDT1C,DEC,1,CSA,48,1,D,PASS
S167,2017,DDT1B,JUNE,2,CSA,86,3.7,A-,DISTINCTION
S168,2016,DDT1A,DEC,2,ICS,42,0,E,FAIL
S169,2018,DDT1C,JUNE,2,CSA,76,3,B,DISTINCTION
S170,2019,DDT1D,DEC,2,CSA,89,3.7,A-,DISTINCTION
S171,2016,DDT1A,DEC,1,CSA,44,0,E,FAIL
S172,2018,DDT1C,JUNE,1,CSA,71,2.7,B-,PASS
S173,2017,DDT1B,DEC,1,ICS,72,2.7,B-,PASS
S174,2017,DDT1B,JUNE,3,CSA,40,0,E,FAIL
S175,2017,DDT1B,DEC,2,CSA,47,1,D,PASS
S176,2019,DDT1D,DEC,3,ICS,73,2.7,B-,PASS
S177,2016,DDT1A,JUNE,1,ICS,94,3.8,A,EXCELLENT
S178,2019,DDT1D,JUNE,1,CSA,96,4,A+,EXCEPTIONAL
S179,2016,DDT1A,DEC,1,CSA,95,4,A+,EXCEPTIONAL
S180,2019,DDT1D,DEC,3,ICS,59,1.7,C-,PASS
S181,2019,DDT1D,JUNE,3,CSA,74,2.7,B-,PASS
S182,2019,DDT1D,JUNE,2,CSA,51,1.3,D+,PASS
S183,2016,DDT1A,JUNE,3,CSA,48,1,D,PASS
S184,2017,DDT1B,DEC,2,CSA,42,0,E,FAIL
S185,2018,DDT1C,JUNE,1,CSA,45,1,D,PASS
S186,2017,DDT1B,DEC,2,CSA,72,2.7,B-,PASS
S187,2018,DDT1C,JUNE,2,CSA,76,3,B,DISTINCTION
S188,2019,DDT1D,DEC,2,ICS,66,2.3,C+,PASS
S189,2018,DDT1C,JUNE,1,CSA,49,1,D,PASS
S190,2019,DDT1D,DEC,3,CSA,81,3.3,B+,DISTINCTION
S191,2017,DDT1B,DEC,3,CSA,50,1.3,D+,PASS
S192,2018,DDT1C,JUNE,1,ICS,79,3,B,DISTINCTION
S193,2016,DDT1A,DEC,1,CSA,70,2.7,B-,PASS
S194,2019,DDT1D,JUNE,3,CSA,60,2,C,PASS
S195,2019,DDT1D,JUNE,1,ICS,67,2.3,C+,PASS
S196,2018,DDT1C,DEC,1,ICS,59,1.7,C-,PASS
S197,2018,DDT1C,JUNE,3,CSA,99,4,A+,EXCEPTIONAL
S198,2019,DDT1D,DEC,3,CSA,67,2.3,C+,PASS
S199,2016,DDT1A,JUNE,1,ICS,49,1,D,PASS
S200,2017,DDT1B,DEC,1,ICS,94,3.8,A,EXCELLENT
S201,2018,DDT1C,DEC,2,CSA,83,3.3,B+,DISTINCTION
S202,2016,DDT1A,JUNE,2,CSA,43,0,E,FAIL
S203,2019,DDT1D,JUNE,3,CSA,96,4,A+,EXCEPTIONAL
S204,2016,DDT1A,JUNE,1,CSA,82,3.3,B+,DISTINCTION
S205,2017,DDT1B,DEC,3,ICS,44,0,E,FAIL
S206,2017,DDT1B,JUNE,1,CSA,76,3,B,DISTINCTION
S207,2017,DDT1B,JUNE,3,ICS,67,2.3,C+,PASS
S208,2016,DDT1A,JUNE,2,CSA,43,0,E,FAIL
S209,2018,DDT1C,JUNE,1,CSA,42,0,E,FAIL
S210,2016,DDT1A,DEC,1,ICS,69,2.3,C+,PASS
S211,2019,DDT1D,JUNE,3,CSA,42,0,E,FAIL
S212,2017,DDT1B,DEC,1,ICS,61,2,C,PASS
S213,2018,DDT1C,DEC,3,CSA,84,3.3,B+,DISTINCTION
S214,2018,DDT1C,DEC,1,ICS,80,3.3,B+,DISTINCTION
S215,2018,DDT1C,JUNE,3,CSA,60,2,C,PASS
S216,2019,DDT1D,DEC,3,ICS,74,2.7,B-,PASS
S217,2016,DDT1A,DEC,3,ICS,74,2.7,B-,PASS
S218,2017,DDT1B,DEC,3,ICS,68,2.3,C+,PASS
S219,2018,DDT1C,JUNE,1,ICS,39,0,F,FAIL
S220,2016,DDT1A,DEC,1,CSA,88,3.7,A-,DISTINCTION
S221,2017,DDT1B,DEC,1,ICS,73,2.7,B-,PASS
S222,2017,DDT1B,JUNE,1,ICS,43,0,E,FAIL
S223,2016,DDT1A,JUNE,3,ICS,75,3,B,DISTINCTION
S224,2019,DDT1D,JUNE,3,ICS,62,2,C,PASS
S225,2018,DDT1C,DEC,3,ICS,86,3.7,A-,DISTINCTION
S226,2017,DDT1B,JUNE,3,ICS,52,1.3,D+,PASS
S227,2019,DDT1D,DEC,1,ICS,59,1.7,C-,PASS
S228,2016,DDT1A,JUNE,2,CSA,90,3.8,A,EXCELLENT
S229,2019,DDT1D,JUNE,3,ICS,96,4,A+,EXCEPTIONAL
S230,2017,DDT1B,DEC,2,ICS,62,2,C,PASS
S231,2016,DDT1A,JUNE,2,ICS,98,4,A+,EXCEPTIONAL
S232,2017,DDT1B,JUNE,1,ICS,42,0,E,FAIL
S233,2017,DDT1B,DEC,2,ICS,75,3,B,DISTINCTION
S234,2018,DDT1C,DEC,3,ICS,60,2,C,PASS
S235,2018,DDT1C,DEC,3,CSA,48,1,D,PASS
S236,2018,DDT1C,DEC,3,CSA,56,1.7,C-,PASS
S237,2016,DDT1A,JUNE,1,ICS,72,2.7,B-,PASS
S238,2019,DDT1D,JUNE,1,CSA,80,3.3,B+,DISTINCTION
S239,2018,DDT1C,DEC,2,CSA,93,3.8,A,EXCELLENT
S240,2016,DDT1A,JUNE,3,CSA,95,4,A+,EXCEPTIONAL
S241,2019,DDT1D,JUNE,3,CSA,66,2.3,C+,PASS
S242,2019,DDT1D,DEC,2,ICS,69,2.3,C+,PASS
S243,2016,DDT1A,JUNE,3,CSA,53,1.3,D+,PASS
S244,2019,DDT1D,JUNE,1,ICS,62,2,C,PASS
S245,2017,DDT1B,JUNE,3,CSA,42,0,E,FAIL
S246,2017,DDT1B,DEC,2,CSA,55,1.7,C-,PASS
S247,2019,DDT1D,JUNE,3,ICS,69,2.3,C+,PASS
S248,2017,DDT1B,JUNE,1,CSA,88,3.7,A-,DISTINCTION
S249,2019,DDT1D,DEC,1,ICS,39,0,F,FAIL
S250,2019,DDT1D,JUNE,1,CSA,97,4,A+,EXCEPTIONAL
S251,2019,DDT1D,DEC,2,CSA,62,2,C,PASS
S252,2019,DDT1D,DEC,2,ICS,80,3.3,B+,DISTINCTION
S253,2016,DDT1A,JUNE,,ICS,88,3.7,A-,DISTINCTION
S254,2017,DDT1B,JUNE,3,ICS,47,1,D,PASS
S255,2019,DDT1D,DEC,1,ICS,97,4,A+,EXCEPTIONAL
S256,2019,DDT1D,DEC,1,ICS,86,3.7,A-,DISTINCTION
S257,2018,DDT1C,DEC,1,ICS,43,0,E,FAIL
S258,2016,DDT1A,DEC,1,CSA,41,0,E,FAIL
S259,2017,DDT1B,DEC,1,ICS,57,1.7,C-,PASS
S260,2016,DDT1A,JUNE,1,ICS,80,3.3,B+,DISTINCTION
S261,2019,DDT1D,DEC,2,CSA,68,2.3,C+,PASS
S262,2016,DDT1A,DEC,2,ICS,72,2.7,B-,PASS
S263,2019,DDT1D,DEC,1,ICS,84,3.3,B+,DISTINCTION
S264,2018,DDT1C,DEC,3,ICS,51,1.3,D+,PASS
S265,2019,DDT1D,JUNE,1,CSA,59,1.7,C-,PASS
S266,2018,DDT1C,JUNE,3,ICS,73,2.7,B-,PASS
S267,2018,DDT1C,JUNE,3,CSA,95,4,A+,EXCEPTIONAL
S268,2019,DDT1D,DEC,2,ICS,92,3.8,A,EXCELLENT
S269,2018,DDT1C,DEC,1,ICS,47,1,D,PASS
S270,2017,DDT1B,JUNE,3,CSA,81,3.3,B+,DISTINCTION
S271,2018,DDT1C,DEC,2,ICS,49,1,D,PASS
S272,2018,DDT1C,DEC,1,CSA,69,2.3,C+,PASS
S273,2016,DDT1A,JUNE,1,CSA,53,1.3,D+,PASS
S274,2019,DDT1D,DEC,1,ICS,65,2.3,C+,PASS
S275,2018,DDT1C,JUNE,1,CSA,55,1.7,C-,PASS
S276,2019,DDT1D,DEC,3,ICS,40,0,E,FAIL
S277,2017,DDT1B,DEC,2,ICS,73,2.7,B-,PASS
S278,2017,DDT1B,DEC,3,ICS,39,0,F,FAIL
S279,2016,DDT1A,JUNE,2,ICS,56,1.7,C-,PASS
S280,2017,DDT1B,JUNE,2,CSA,73,2.7,B-,PASS
S281,2019,DDT1D,DEC,2,ICS,92,3.8,A,EXCELLENT
S282,2018,DDT1C,DEC,2,CSA,72,2.7,B-,PASS
S283,2016,DDT1A,DEC,3,CSA,89,3.7,A-,DISTINCTION
S284,2016,DDT1A,DEC,2,ICS,55,1.7,C-,PASS
S285,2019,DDT1D,DEC,1,ICS,71,2.7,B-,PASS
S286,2019,DDT1D,DEC,1,ICS,64,2,C,PASS
S287,2017,DDT1B,JUNE,1,ICS,95,4,A+,EXCEPTIONAL
S288,2016,DDT1A,JUNE,3,CSA,89,3.7,A-,DISTINCTION
S289,2018,DDT1C,DEC,2,ICS,73,2.7,B-,PASS
S290,2018,DDT1C,DEC,3,CSA,69,2.3,C+,PASS
S291,2016,DDT1A,DEC,3,CSA,72,2.7,B-,PASS
S292,2019,DDT1D,JUNE,2,ICS,75,3,B,DISTINCTION
S293,2017,DDT1B,DEC,1,CSA,86,3.7,A-,DISTINCTION
S294,2017,DDT1B,DEC,2,ICS,69,2.3,C+,PASS
S295,2019,DDT1D,DEC,3,ICS,44,0,E,FAIL
S296,2018,DDT1C,JUNE,1,CSA,65,2.3,C+,PASS
S297,2016,DDT1A,DEC,2,ICS,73,2.7,B-,PASS
S298,2017,DDT1B,JUNE,3,CSA,98,4,A+,EXCEPTIONAL
S299,2016,DDT1A,JUNE,1,CSA,48,1,D,PASS
S300,2019,DDT1D,DEC,3,CSA,69,2.3,C+,PASS
S301,2019,DDT1D,JUNE,2,ICS,67,2.3,C+,PASS
S302,2018,DDT1C,DEC,3,ICS,99,4,A+,EXCEPTIONAL
S303,2017,DDT1B,JUNE,3,ICS,68,2.3,C+,PASS
S304,2019,DDT1D,DEC,2,CSA,73,2.7,B-,PASS
S305,2019,DDT1D,JUNE,1,CSA,81,3.3,B+,DISTINCTION
S306,2018,DDT1C,JUNE,1,ICS,64,2,C,PASS
S307,2018,DDT1C,DEC,3,ICS,68,2.3,C+,PASS
S308,2016,DDT1A,JUNE,1,CSA,75,3,B,DISTINCTION
S309,2019,DDT1D,DEC,3,ICS,61,2,C,PASS
S310,2019,DDT1D,JUNE,1,ICS,57,1.7,C-,PASS
S311,2018,DDT1C,JUNE,3,ICS,83,3.3,B+,DISTINCTION
S312,2017,DDT1B,JUNE,1,CSA,48,1,D,PASS
S313,2017,DDT1B,DEC,2,ICS,61,2,C,PASS
S314,2018,DDT1C,DEC,1,CSA,64,2,C,PASS
S315,2017,DDT1B,DEC,1,CSA,85,3.7,A-,DISTINCTION
S316,2016,DDT1A,JUNE,3,CSA,47,1,D,PASS
S317,2017,DDT1B,JUNE,3,CSA,81,3.3,B+,DISTINCTION
S318,2017,DDT1B,JUNE,1,CSA,51,1.3,D+,PASS
S319,2016,DDT1A,JUNE,2,ICS,41,0,E,FAIL
S320,2017,DDT1B,DEC,1,CSA,89,3.7,A-,DISTINCTION
S321,2017,DDT1B,JUNE,1,CSA,49,1,D,PASS
S322,2016,DDT1A,JUNE,2,CSA,79,3,B,DISTINCTION
S323,2018,DDT1C,DEC,2,CSA,69,2.3,C+,PASS
S324,2016,DDT1A,JUNE,1,ICS,86,3.7,A-,DISTINCTION
S325,2017,DDT1B,DEC,1,CSA,56,1.7,C-,PASS
S326,2019,DDT1D,JUNE,3,ICS,88,3.7,A-,DISTINCTION
S327,2019,DDT1D,DEC,2,CSA,58,1.7,C-,PASS
S328,2017,DDT1B,DEC,3,CSA,41,0,E,FAIL
S329,2019,DDT1D,DEC,1,ICS,61,2,C,PASS
S330,2019,DDT1D,JUNE,2,ICS,82,3.3,B+,DISTINCTION
S331,2018,DDT1C,JUNE,2,CSA,92,3.8,A,EXCELLENT
S332,2016,DDT1A,JUNE,1,CSA,86,3.7,A-,DISTINCTION
S333,2017,DDT1B,JUNE,1,ICS,40,0,E,FAIL
S334,2016,DDT1A,DEC,2,CSA,39,0,F,FAIL
S335,2018,DDT1C,JUNE,3,CSA,58,1.7,C-,PASS
S336,2018,DDT1C,DEC,3,CSA,53,1.3,D+,PASS
S337,2017,DDT1B,JUNE,3,ICS,99,4,A+,EXCEPTIONAL
S338,2017,DDT1B,JUNE,3,CSA,50,1.3,D+,PASS
S339,2018,DDT1C,DEC,3,ICS,54,1.3,D+,PASS
S340,2016,DDT1A,DEC,1,CSA,91,3.8,A,EXCELLENT
S341,2018,DDT1C,JUNE,2,ICS,74,2.7,B-,PASS
S342,2018,DDT1C,DEC,2,ICS,47,1,D,PASS
S343,2016,DDT1A,JUNE,3,CSA,66,2.3,C+,PASS
S344,2019,DDT1D,DEC,3,CSA,41,0,E,FAIL
S345,2018,DDT1C,JUNE,3,ICS,80,3.3,B+,DISTINCTION
S346,2018,DDT1C,DEC,1,ICS,40,0,E,FAIL
S347,2019,DDT1D,DEC,3,ICS,50,1.3,D+,PASS
S348,2017,DDT1B,JUNE,1,CSA,80,3.3,B+,DISTINCTION
S349,2018,DDT1C,DEC,2,CSA,39,0,F,FAIL
S350,2016,DDT1A,JUNE,3,ICS,82,3.3,B+,DISTINCTION
S351,2019,DDT1D,JUNE,3,CSA,73,2.7,B-,PASS
S352,2019,DDT1D,DEC,2,CSA,44,0,E,FAIL
S353,2016,DDT1A,JUNE,2,ICS,62,2,C,PASS
S354,2018,DDT1C,JUNE,2,ICS,38,0,F,FAIL
S355,2016,DDT1A,JUNE,1,ICS,78,3,B,DISTINCTION
S356,2018,DDT1C,JUNE,1,ICS,53,1.3,D+,PASS
S357,2017,DDT1B,DEC,1,ICS,93,3.8,A,EXCELLENT
S358,2016,DDT1A,JUNE,1,ICS,54,1.3,D+,PASS
S359,2018,DDT1C,DEC,3,ICS,98,4,A+,EXCEPTIONAL
S360,2017,DDT1B,JUNE,2,CSA,75,3,B,DISTINCTION
S361,2018,DDT1C,DEC,2,ICS,82,3.3,B+,DISTINCTION
S362,2016,DDT1A,JUNE,2,ICS,62,2,C,PASS
S363,2017,DDT1B,DEC,2,CSA,81,3.3,B+,DISTINCTION
S364,2017,DDT1B,JUNE,1,CSA,79,3,B,DISTINCTION
S365,2019,DDT1D,DEC,1,ICS,63,2,C,PASS
S366,2016,DDT1A,DEC,3,CSA,90,3.8,A,EXCELLENT
S367,2019,DDT1D,DEC,2,CSA,94,3.8,A,EXCELLENT
S368,2018,DDT1C,DEC,1,CSA,61,2,C,PASS
S369,2019,DDT1D,JUNE,3,CSA,46,1,D,PASS
S370,2018,DDT1C,JUNE,1,CSA,90,3.8,A,EXCELLENT
S371,2017,DDT1B,JUNE,3,ICS,86,3.7,A-,DISTINCTION
S372,2019,DDT1D,DEC,1,ICS,94,3.8,A,EXCELLENT
S373,2016,DDT1A,JUNE,1,ICS,41,0,E,FAIL
S374,2019,DDT1D,JUNE,2,CSA,84,3.3,B+,DISTINCTION
S375,2019,DDT1D,JUNE,3,CSA,55,1.7,C-,PASS
S376,2018,DDT1C,DEC,1,ICS,91,3.8,A,EXCELLENT
S377,2016,DDT1A,DEC,3,CSA,84,3.3,B+,DISTINCTION
S378,2018,DDT1C,DEC,3,CSA,76,3,B,DISTINCTION
S379,2016,DDT1A,DEC,2,CSA,82,3.3,B+,DISTINCTION
S380,2019,DDT1D,JUNE,2,ICS,85,3.7,A-,DISTINCTION
S381,2017,DDT1B,JUNE,1,ICS,87,3.7,A-,DISTINCTION
S382,2017,DDT1B,DEC,3,CSA,92,3.8,A,EXCELLENT
S383,2018,DDT1C,DEC,3,CSA,40,0,E,FAIL
S384,2018,DDT1C,DEC,3,CSA,49,1,D,PASS
S385,2017,DDT1B,JUNE,1,CSA,77,3,B,DISTINCTION
S386,2018,DDT1C,JUNE,2,ICS,70,2.7,B-,PASS
S387,2016,DDT1A,DEC,2,ICS,59,1.7,C-,PASS
S388,2019,DDT1D,JUNE,1,ICS,82,3.3,B+,DISTINCTION
S389,2017,DDT1B,JUNE,1,CSA,63,2,C,PASS
S390,2016,DDT1A,DEC,3,ICS,87,3.7,A-,DISTINCTION
S391,2016,DDT1A,DEC,3,CSA,51,1.3,D+,PASS
S392,2019,DDT1D,JUNE,1,CSA,39,0,F,FAIL
S393,2019,DDT1D,JUNE,,ICS,70,2.7,B-,PASS
S394,2018,DDT1C,JUNE,2,CSA,61,2,C,PASS
S395,2017,DDT1B,JUNE,2,CSA,79,3,B,DISTINCTION
S396,2017,DDT1B,JUNE,3,ICS,98,4,A+,EXCEPTIONAL
S397,2019,DDT1D,DEC,1,ICS,65,2.3,C+,PASS
S398,2018,DDT1C,DEC,3,ICS,89,3.7,A-,DISTINCTION
S399,2019,DDT1D,DEC,2,ICS,55,1.7,C-,PASS
S400,2018,DDT1C,DEC,1,CSA,93,3.8,A,EXCELLENT
S401,2018,DDT1C,DEC,2,ICS,82,3.3,B+,DISTINCTION
S402,2016,DDT1A,JUNE,1,CSA,79,3,B,DISTINCTION
S403,2017,DDT1B,JUNE,3,CSA,54,1.3,D+,PASS
S404,2017,DDT1B,JUNE,2,ICS,66,2.3,C+,PASS
S405,2018,DDT1C,JUNE,1,CSA,60,2,C,PASS
S406,2017,DDT1B,DEC,3,CSA,38,0,F,FAIL
S407,2019,DDT1D,JUNE,3,CSA,49,1,D,PASS
S408,2016,DDT1A,JUNE,3,ICS,74,2.7,B-,PASS
S409,2016,DDT1A,DEC,2,CSA,80,3.3,B+,DISTINCTION
S410,2017,DDT1B,JUNE,2,CSA,92,3.8,A,EXCELLENT
S411,2018,DDT1C,JUNE,3,ICS,73,2.7,B-,PASS
S412,2018,DDT1C,DEC,3,ICS,50,1.3,D+,PASS
S413,2016,DDT1A,JUNE,3,ICS,98,4,A+,EXCEPTIONAL
S414,2018,DDT1C,JUNE,1,CSA,50,1.3,D+,PASS
S415,2019,DDT1D,JUNE,1,CSA,55,1.7,C-,PASS
S416,2017,DDT1B,JUNE,1,ICS,92,3.8,A,EXCELLENT
S417,2018,DDT1C,DEC,1,CSA,83,3.3,B+,DISTINCTION
S418,2018,DDT1C,DEC,1,ICS,61,2,C,PASS
S419,2016,DDT1A,JUNE,1,CSA,96,4,A+,EXCEPTIONAL
S420,2017,DDT1B,DEC,3,ICS,67,2.3,C+,PASS
S421,2017,DDT1B,DEC,3,ICS,81,3.3,B+,DISTINCTION
S422,2017,DDT1B,DEC,2,ICS,92,3.8,A,EXCELLENT
S423,2018,DDT1C,DEC,2,ICS,49,1,D,PASS
S424,2019,DDT1D,DEC,1,CSA,93,3.8,A,EXCELLENT
S425,2019,DDT1D,JUNE,1,ICS,79,3,B,DISTINCTION
S426,2019,DDT1D,JUNE,3,ICS,63,2,C,PASS
S427,2018,DDT1C,JUNE,2,CSA,62,2,C,PASS
S428,2017,DDT1B,DEC,1,CSA,48,1,D,PASS
S429,2018,DDT1C,JUNE,1,CSA,45,1,D,PASS
S430,2018,DDT1C,DEC,2,CSA,89,3.7,A-,DISTINCTION
S431,2018,DDT1C,JUNE,1,CSA,74,2.7,B-,PASS
S432,2018,DDT1C,DEC,3,ICS,49,1,D,PASS
S433,2016,DDT1A,JUNE,3,CSA,44,0,E,FAIL
S434,2018,DDT1C,DEC,3,ICS,80,3.3,B+,DISTINCTION
S435,2016,DDT1A,DEC,3,ICS,46,1,D,PASS
S436,2017,DDT1B,JUNE,3,CSA,94,3.8,A,EXCELLENT
S437,2019,DDT1D,DEC,1,CSA,84,3.3,B+,DISTINCTION
S438,2018,DDT1C,JUNE,2,ICS,99,4,A+,EXCEPTIONAL
S439,2018,DDT1C,JUNE,1,ICS,64,2,C,PASS
S440,2016,DDT1A,DEC,1,CSA,79,3,B,DISTINCTION
S441,2019,DDT1D,DEC,2,ICS,39,0,F,FAIL
S442,2016,DDT1A,DEC,3,CSA,54,1.3,D+,PASS
S443,2019,DDT1D,JUNE,3,ICS,76,3,B,DISTINCTION
S444,2016,DDT1A,JUNE,3,CSA,65,2.3,C+,PASS
S445,2016,DDT1A,DEC,3,CSA,50,1.3,D+,PASS
S446,2018,DDT1C,JUNE,2,CSA,56,1.7,C-,PASS
S447,2019,DDT1D,JUNE,2,ICS,92,3.8,A,EXCELLENT
S448,2017,DDT1B,DEC,1,ICS,41,0,E,FAIL
S449,2016,DDT1A,DEC,1,ICS,76,3,B,DISTINCTION
S450,2017,DDT1B,DEC,1,CSA,66,2.3,C+,PASS
S451,2018,DDT1C,DEC,2,CSA,40,0,E,FAIL
S452,2016,DDT1A,JUNE,2,CSA,87,3.7,A-,DISTINCTION
S453,2016,DDT1A,JUNE,3,ICS,77,3,B,DISTINCTION
S454,2017,DDT1B,JUNE,1,ICS,48,1,D,PASS
S455,2018,DDT1C,JUNE,2,ICS,64,2,C,PASS
S456,2019,DDT1D,DEC,2,CSA,82,3.3,B+,DISTINCTION
S457,2016,DDT1A,DEC,2,ICS,39,0,F,FAIL
S458,2016,DDT1A,DEC,2,CSA,40,0,E,FAIL
S459,2017,DDT1B,DEC,2,CSA,89,3.7,A-,DISTINCTION
S460,2018,DDT1C,DEC,3,CSA,55,1.7,C-,PASS
S461,2019,DDT1D,JUNE,3,ICS,38,0,F,FAIL
S462,2017,DDT1B,DEC,1,CSA,87,3.7,A-,DISTINCTION
S463,2019,DDT1D,JUNE,1,CSA,38,0,F,FAIL
S464,2016,DDT1A,JUNE,2,ICS,78,3,B,DISTINCTION
S465,2019,DDT1D,DEC,2,CSA,77,3,B,DISTINCTION
S466,2017,DDT1B,JUNE,2,ICS,90,3.8,A,EXCELLENT
S467,2018,DDT1C,DEC,3,ICS,79,3,B,DISTINCTION
S468,2019,DDT1D,DEC,2,CSA,44,0,E,FAIL
S469,2016,DDT1A,DEC,2,CSA,50,1.3,D+,PASS
S470,2016,DDT1A,DEC,3,ICS,40,0,E,FAIL
S471,2016,DDT1A,DEC,2,CSA,69,2.3,C+,PASS
S472,2017,DDT1B,JUNE,3,ICS,47,1,D,PASS
S473,2017,DDT1B,JUNE,1,ICS,50,1.3,D+,PASS
S474,2017,DDT1B,JUNE,2,ICS,51,1.3,D+,PASS
S475,2016,DDT1A,DEC,3,ICS,97,4,A+,EXCEPTIONAL
S476,2019,DDT1D,DEC,1,CSA,59,1.7,C-,PASS
S477,2018,DDT1C,JUNE,3,CSA,73,2.7,B-,PASS
S478,2019,DDT1D,DEC,2,ICS,77,3,B,DISTINCTION
S479,2017,DDT1B,DEC,3,ICS,78,3,B,DISTINCTION
S480,2018,DDT1C,DEC,3,CSA,40,0,E,FAIL
S481,2016,DDT1A,DEC,3,ICS,79,3,B,DISTINCTION
S482,2016,DDT1A,JUNE,3,ICS,98,4,A+,EXCEPTIONAL
S483,2016,DDT1A,JUNE,1,ICS,71,2.7,B-,PASS
S484,2017,DDT1B,DEC,1,CSA,85,3.7,A-,DISTINCTION
S485,2016,DDT1A,JUNE,3,ICS,58,1.7,C-,PASS
S486,2018,DDT1C,DEC,2,CSA,66,2.3,C+,PASS
S487,2018,DDT1C,JUNE,1,CSA,97,4,A+,EXCEPTIONAL
S488,2016,DDT1A,DEC,2,ICS,99,4,A+,EXCEPTIONAL
S489,2019,DDT1D,DEC,1,CSA,53,1.3,D+,PASS
S490,2017,DDT1B,JUNE,2,ICS,70,2.7,B-,PASS
S491,2018,DDT1C,DEC,1,ICS,67,2.3,C+,PASS
S492,2016,DDT1A,DEC,2,ICS,61,2,C,PASS
S493,2019,DDT1D,DEC,1,CSA,53,1.3,D+,PASS
S494,2017,DDT1B,JUNE,2,ICS,46,1,D,PASS
S495,2017,DDT1B,JUNE,3,ICS,70,2.7,B-,PASS
S496,2019,DDT1D,JUNE,2,ICS,50,1.3,D+,PASS
S497,2018,DDT1C,JUNE,2,ICS,46,1,D,PASS
S498,2019,DDT1D,DEC,3,CSA,44,0,E,FAIL
S499,2019,DDT1D,DEC,3,ICS,62,2,C,PASS
S500,2016,DDT1A,JUNE,2,ICS,64,2,C,PASS
S501,2016,DDT1A,JUNE,3,ICS,50,1.3,D+,PASS
S502,2017,DDT1B,DEC,1,CSA,76,3,B,DISTINCTION
S503,2016,DDT1A,JUNE,1,ICS,50,1.3,D+,PASS
S504,2017,DDT1B,DEC,1,CSA,57,1.7,C-,PASS
S505,2017,DDT1B,DEC,3,ICS,67,2.3,C+,PASS
S506,2019,DDT1D,DEC,1,ICS,49,1,D,PASS
S507,2019,DDT1D,DEC,3,CSA,93,3.8,A,EXCELLENT
S508,2016,DDT1A,JUNE,1,ICS,42,0,E,FAIL
S509,2019,DDT1D,DEC,2,ICS,46,1,D,PASS
S510,2017,DDT1B,JUNE,3,CSA,70,2.7,B-,PASS
S511,2018,DDT1C,JUNE,2,ICS,85,3.7,A-,DISTINCTION
S512,2017,DDT1B,DEC,1,ICS,75,3,B,DISTINCTION
S513,2018,DDT1C,JUNE,1,ICS,49,1,D,PASS
S514,2018,DDT1C,JUNE,2,ICS,78,3,B,DISTINCTION
S515,2016,DDT1A,DEC,3,CSA,47,1,D,PASS
S516,2018,DDT1C,JUNE,1,CSA,85,3.7,A-,DISTINCTION
S517,2016,DDT1A,JUNE,3,CSA,88,3.7,A-,DISTINCTION
S518,2016,DDT1A,JUNE,3,CSA,80,3.3,B+,DISTINCTION
S519,2017,DDT1B,JUNE,2,ICS,97,4,A+,EXCEPTIONAL
S520,2016,DDT1A,DEC,2,CSA,92,3.8,A,EXCELLENT
S521,2017,DDT1B,DEC,3,CSA,70,2.7,B-,PASS
S522,2018,DDT1C,DEC,2,ICS,41,0,E,FAIL
S523,2019,DDT1D,DEC,1,CSA,39,0,F,FAIL
S524,2019,DDT1D,DEC,1,,41,0,E,FAIL
S525,2017,DDT1B,JUNE,3,ICS,71,2.7,B-,PASS
S526,2016,DDT1A,DEC,3,ICS,76,3,B,DISTINCTION
S527,2017,DDT1B,JUNE,2,CSA,50,1.3,D+,PASS
S528,2017,DDT1B,DEC,2,CSA,94,3.8,A,EXCELLENT
S529,2016,DDT1A,DEC,2,ICS,65,2.3,C+,PASS
S530,2016,DDT1A,JUNE,1,ICS,79,3,B,DISTINCTION
S531,2017,DDT1B,JUNE,1,ICS,66,2.3,C+,PASS
S532,2016,DDT1A,JUNE,2,ICS,78,3,B,DISTINCTION
S533,2017,DDT1B,DEC,3,CSA,52,1.3,D+,PASS
S534,2018,DDT1C,JUNE,1,ICS,84,3.3,B+,DISTINCTION
S535,2019,DDT1D,DEC,1,CSA,95,4,A+,EXCEPTIONAL
S536,2018,DDT1C,JUNE,,ICS,73,2.7,B-,PASS
S537,2017,DDT1B,DEC,3,CSA,64,2,C,PASS
S538,2018,DDT1C,DEC,3,CSA,51,1.3,D+,PASS
S539,2018,DDT1C,JUNE,3,CSA,91,3.8,A,EXCELLENT
S540,2018,DDT1C,JUNE,1,CSA,41,0,E,FAIL
S541,2017,DDT1B,JUNE,1,ICS,97,4,A+,EXCEPTIONAL
S542,2019,DDT1D,DEC,1,CSA,79,3,B,DISTINCTION
S543,2017,DDT1B,DEC,1,ICS,95,4,A+,EXCEPTIONAL
S544,2017,DDT1B,DEC,1,ICS,53,1.3,D+,PASS
S545,2019,DDT1D,DEC,3,ICS,79,3,B,DISTINCTION
S546,2016,DDT1A,DEC,3,CSA,40,0,E,FAIL
S547,2016,DDT1A,DEC,3,CSA,39,0,F,FAIL
S548,2016,DDT1A,DEC,3,ICS,38,0,F,FAIL
S549,2019,DDT1D,DEC,1,ICS,74,2.7,B-,PASS
S550,2016,DDT1A,DEC,3,CSA,81,3.3,B+,DISTINCTION
S551,2017,DDT1B,JUNE,3,ICS,92,3.8,A,EXCELLENT
S552,2017,DDT1B,DEC,1,ICS,77,3,B,DISTINCTION
S553,2018,DDT1C,DEC,3,ICS,77,3,B,DISTINCTION
S554,2019,DDT1D,DEC,2,CSA,57,1.7,C-,PASS
S555,2017,DDT1B,JUNE,1,ICS,63,2,C,PASS
S556,2019,DDT1D,DEC,2,CSA,89,3.7,A-,DISTINCTION
S557,2016,DDT1A,JUNE,3,CSA,67,2.3,C+,PASS
S558,2019,DDT1D,DEC,3,CSA,80,3.3,B+,DISTINCTION
S559,2019,DDT1D,DEC,2,CSA,44,0,E,FAIL
S560,2016,DDT1A,DEC,3,CSA,85,3.7,A-,DISTINCTION
S561,2017,DDT1B,JUNE,1,ICS,65,2.3,C+,PASS
S562,2016,DDT1A,DEC,1,ICS,72,2.7,B-,PASS
S563,2017,DDT1B,DEC,1,CSA,84,3.3,B+,DISTINCTION
S564,2019,DDT1D,JUNE,1,ICS,73,2.7,B-,PASS
S565,2016,DDT1A,DEC,2,CSA,49,1,D,PASS
S566,2017,DDT1B,JUNE,2,ICS,67,2.3,C+,PASS
S567,2019,DDT1D,DEC,3,ICS,91,3.8,A,EXCELLENT
S568,2016,DDT1A,DEC,2,CSA,67,2.3,C+,PASS
S569,2018,DDT1C,JUNE,2,ICS,55,1.7,C-,PASS
S570,2016,DDT1A,JUNE,3,CSA,45,1,D,PASS
S571,2017,DDT1B,JUNE,2,CSA,89,3.7,A-,DISTINCTION
S572,2018,DDT1C,JUNE,1,CSA,76,3,B,DISTINCTION
S573,2017,DDT1B,DEC,3,ICS,89,3.7,A-,DISTINCTION
S574,2017,DDT1B,DEC,1,CSA,63,2,C,PASS
S575,2016,DDT1A,JUNE,2,CSA,63,2,C,PASS
S576,2019,DDT1D,DEC,3,ICS,80,3.3,B+,DISTINCTION
S577,2019,DDT1D,DEC,3,ICS,44,0,E,FAIL
S578,2019,DDT1D,DEC,2,CSA,56,1.7,C-,PASS
S579,2016,DDT1A,JUNE,2,ICS,86,3.7,A-,DISTINCTION
S580,2016,DDT1A,JUNE,2,ICS,77,3,B,DISTINCTION
S581,2016,DDT1A,JUNE,2,CSA,76,3,B,DISTINCTION
S582,2019,DDT1D,DEC,3,CSA,56,1.7,C-,PASS
S583,2019,DDT1D,DEC,1,CSA,97,4,A+,EXCEPTIONAL
S584,2016,DDT1A,JUNE,1,ICS,42,0,E,FAIL
S585,2019,DDT1D,DEC,3,CSA,51,1.3,D+,PASS
S586,2016,DDT1A,JUNE,1,CSA,86,3.7,A-,DISTINCTION
S587,2018,DDT1C,DEC,3,CSA,99,4,A+,EXCEPTIONAL
S588,2018,DDT1C,DEC,1,CSA,97,4,A+,EXCEPTIONAL
S589,2018,DDT1C,DEC,2,CSA,71,2.7,B-,PASS
S590,2016,DDT1A,DEC,3,CSA,48,1,D,PASS
S591,2018,DDT1C,DEC,1,CSA,98,4,A+,EXCEPTIONAL
S592,2017,DDT1B,DEC,2,CSA,83,3.3,B+,DISTINCTION
S593,2019,DDT1D,DEC,2,CSA,73,2.7,B-,PASS
S594,2016,DDT1A,DEC,1,ICS,92,3.8,A,EXCELLENT
S595,2016,DDT1A,JUNE,1,CSA,93,3.8,A,EXCELLENT
S596,2019,DDT1D,JUNE,1,ICS,62,2,C,PASS
S597,2016,DDT1A,DEC,3,ICS,45,1,D,PASS
S598,2016,DDT1A,JUNE,2,CSA,89,3.7,A-,DISTINCTION
S599,2016,DDT1A,JUNE,2,ICS,54,1.3,D+,PASS
S600,2016,DDT1A,JUNE,1,CSA,38,0,F,FAIL
S601,2016,DDT1A,DEC,3,CSA,42,0,E,FAIL
S602,2018,DDT1C,DEC,1,ICS,92,3.8,A,EXCELLENT
S603,2019,DDT1D,JUNE,3,ICS,98,4,A+,EXCEPTIONAL
S604,2017,DDT1B,JUNE,1,ICS,66,2.3,C+,PASS
S605,2019,DDT1D,JUNE,3,ICS,41,0,E,FAIL
S606,2018,DDT1C,DEC,3,CSA,81,3.3,B+,DISTINCTION
S607,2018,DDT1C,JUNE,1,CSA,54,1.3,D+,PASS
S608,2019,DDT1D,JUNE,1,ICS,80,3.3,B+,DISTINCTION
S609,2016,DDT1A,DEC,2,CSA,45,1,D,PASS
S610,2016,DDT1A,JUNE,3,CSA,94,3.8,A,EXCELLENT
S611,2017,DDT1B,DEC,2,CSA,93,3.8,A,EXCELLENT
S612,2016,DDT1A,DEC,3,ICS,64,2,C,PASS
S613,2019,DDT1D,DEC,1,CSA,69,2.3,C+,PASS
S614,2018,DDT1C,JUNE,1,ICS,41,0,E,FAIL
S615,2018,DDT1C,JUNE,1,ICS,82,3.3,B+,DISTINCTION
S616,2019,DDT1D,DEC,2,ICS,95,4,A+,EXCEPTIONAL
S617,2019,DDT1D,JUNE,3,ICS,78,3,B,DISTINCTION
S618,2016,DDT1A,JUNE,2,CSA,46,1,D,PASS
S619,2019,DDT1D,JUNE,1,CSA,68,2.3,C+,PASS
S620,2018,DDT1C,JUNE,2,ICS,60,2,C,PASS
S621,2019,DDT1D,DEC,3,CSA,79,3,B,DISTINCTION
S622,2017,DDT1B,DEC,3,CSA,47,1,D,PASS
S623,2016,DDT1A,DEC,2,CSA,78,3,B,DISTINCTION
S624,2018,DDT1C,JUNE,3,CSA,62,2,C,PASS
S625,2019,DDT1D,JUNE,1,ICS,80,3.3,B+,DISTINCTION
S626,2016,DDT1A,DEC,3,ICS,64,2,C,PASS
S627,2016,DDT1A,JUNE,2,ICS,68,2.3,C+,PASS
S628,2016,DDT1A,DEC,2,CSA,79,3,B,DISTINCTION
S629,2017,DDT1B,DEC,3,CSA,66,2.3,C+,PASS
S630,2017,DDT1B,DEC,1,CSA,46,1,D,PASS
S631,2016,DDT1A,JUNE,3,ICS,60,2,C,PASS
S632,2019,DDT1D,JUNE,1,CSA,85,3.7,A-,DISTINCTION
S633,2017,DDT1B,DEC,1,ICS,91,3.8,A,EXCELLENT
S634,2017,DDT1B,JUNE,2,ICS,50,1.3,D+,PASS
S635,2019,DDT1D,DEC,1,CSA,50,1.3,D+,PASS
S636,2017,DDT1B,DEC,2,CSA,98,4,A+,EXCEPTIONAL
S637,2017,DDT1B,DEC,2,CSA,83,3.3,B+,DISTINCTION
S638,2016,DDT1A,JUNE,2,CSA,39,0,F,FAIL
S639,2018,DDT1C,JUNE,2,CSA,60,2,C,PASS
S640,2019,DDT1D,JUNE,2,ICS,44,0,E,FAIL
S641,2019,DDT1D,JUNE,1,ICS,61,2,C,PASS
S642,2016,DDT1A,JUNE,1,ICS,50,1.3,D+,PASS
S643,2018,DDT1C,JUNE,1,CSA,80,3.3,B+,DISTINCTION
S644,2018,DDT1C,DEC,2,ICS,69,2.3,C+,PASS
S645,2018,DDT1C,DEC,1,ICS,60,2,C,PASS
S646,2017,DDT1B,JUNE,2,ICS,74,2.7,B-,PASS
S647,2017,DDT1B,DEC,3,ICS,95,4,A+,EXCEPTIONAL
S648,2016,DDT1A,JUNE,3,ICS,53,1.3,D+,PASS
S649,2018,DDT1C,JUNE,1,ICS,99,4,A+,EXCEPTIONAL
S650,2019,DDT1D,DEC,1,CSA,75,3,B,DISTINCTION
S651,2016,DDT1A,JUNE,1,CSA,51,1.3,D+,PASS
S652,2017,DDT1B,DEC,3,CSA,79,3,B,DISTINCTION
S653,2018,DDT1C,JUNE,1,CSA,60,2,C,PASS
S654,2016,DDT1A,JUNE,1,ICS,78,3,B,DISTINCTION
S655,2018,DDT1C,DEC,2,ICS,52,1.3,D+,PASS
S656,2016,DDT1A,DEC,1,ICS,67,2.3,C+,PASS
S657,2016,DDT1A,JUNE,1,ICS,66,2.3,C+,PASS
S658,2017,DDT1B,JUNE,2,CSA,98,4,A+,EXCEPTIONAL
S659,2018,DDT1C,DEC,3,CSA,44,0,E,FAIL
S660,2017,DDT1B,JUNE,1,CSA,51,1.3,D+,PASS
S661,2016,DDT1A,DEC,2,ICS,57,1.7,C-,PASS
S662,2018,DDT1C,DEC,3,CSA,87,3.7,A-,DISTINCTION
S663,2018,DDT1C,DEC,3,ICS,92,3.8,A,EXCELLENT
S664,2019,DDT1D,JUNE,3,CSA,54,1.3,D+,PASS
S665,2016,DDT1A,JUNE,1,CSA,63,2,C,PASS
S666,2017,DDT1B,DEC,3,ICS,47,1,D,PASS
S667,2018,DDT1C,JUNE,3,CSA,67,2.3,C+,PASS
S668,2018,DDT1C,DEC,3,,94,3.8,A,EXCELLENT
S669,2017,DDT1B,JUNE,1,ICS,41,0,E,FAIL
S670,2017,DDT1B,JUNE,3,CSA,92,3.8,A,EXCELLENT
S671,2017,DDT1B,DEC,3,CSA,40,0,E,FAIL
S672,2017,DDT1B,JUNE,1,CSA,44,0,E,FAIL
S673,2018,DDT1C,JUNE,3,ICS,52,1.3,D+,PASS
S674,2018,DDT1C,DEC,3,ICS,58,1.7,C-,PASS
S675,2017,DDT1B,DEC,3,ICS,84,3.3,B+,DISTINCTION
S676,2016,DDT1A,JUNE,1,ICS,65,2.3,C+,PASS
S677,2018,DDT1C,DEC,3,CSA,84,3.3,B+,DISTINCTION
S678,2016,DDT1A,JUNE,1,CSA,67,2.3,C+,PASS
S679,2018,DDT1C,JUNE,1,CSA,72,2.7,B-,PASS
S680,2016,DDT1A,DEC,3,CSA,91,3.8,A,EXCELLENT
S681,2016,DDT1A,DEC,3,CSA,45,1,D,PASS
S682,2017,DDT1B,JUNE,1,CSA,71,2.7,B-,PASS
S683,2019,DDT1D,JUNE,2,CSA,46,1,D,PASS
S684,2017,DDT1B,DEC,1,CSA,46,1,D,PASS
S685,2019,DDT1D,JUNE,2,CSA,74,2.7,B-,PASS
S686,2016,DDT1A,DEC,3,CSA,85,3.7,A-,DISTINCTION
S687,2018,DDT1C,DEC,2,ICS,76,3,B,DISTINCTION
S688,2018,DDT1C,DEC,3,CSA,41,0,E,FAIL
S689,2019,DDT1D,JUNE,2,CSA,61,2,C,PASS
S690,2018,DDT1C,JUNE,3,ICS,52,1.3,D+,PASS
S691,2016,DDT1A,JUNE,3,ICS,61,2,C,PASS
S692,2019,DDT1D,JUNE,3,ICS,59,1.7,C-,PASS
S693,2019,DDT1D,DEC,1,ICS,70,2.7,B-,PASS
S694,2017,DDT1B,JUNE,2,ICS,81,3.3,B+,DISTINCTION
S695,2019,DDT1D,DEC,1,ICS,80,3.3,B+,DISTINCTION
S696,2017,DDT1B,DEC,3,CSA,61,2,C,PASS
S697,2018,DDT1C,JUNE,2,ICS,70,2.7,B-,PASS
S698,2019,DDT1D,DEC,3,ICS,38,0,F,FAIL
S699,2017,DDT1B,DEC,1,ICS,92,3.8,A,EXCELLENT
S700,2018,DDT1C,DEC,2,CSA,95,4,A+,EXCEPTIONAL
S701,2017,DDT1B,DEC,1,CSA,80,3.3,B+,DISTINCTION
S702,2018,DDT1C,JUNE,1,CSA,61,2,C,PASS
S703,2016,DDT1A,DEC,3,CSA,84,3.3,B+,DISTINCTION
S704,2017,DDT1B,JUNE,2,CSA,51,1.3,D+,PASS
S705,2017,DDT1B,JUNE,2,CSA,64,2,C,PASS
S706,2016,DDT1A,DEC,1,CSA,67,2.3,C+,PASS
S707,2019,DDT1D,DEC,1,CSA,68,2.3,C+,PASS
S708,2018,DDT1C,JUNE,1,CSA,70,2.7,B-,PASS
S709,2017,DDT1B,DEC,3,CSA,45,1,D,PASS
S710,2019,DDT1D,JUNE,1,CSA,93,3.8,A,EXCELLENT
S711,2019,DDT1D,JUNE,1,CSA,41,0,E,FAIL
S712,2019,DDT1D,JUNE,3,CSA,49,1,D,PASS
S713,2017,DDT1B,DEC,3,CSA,66,2.3,C+,PASS
S714,2016,DDT1A,JUNE,1,CSA,48,1,D,PASS
S715,2019,DDT1D,JUNE,3,ICS,84,3.3,B+,DISTINCTION
S716,2016,DDT1A,DEC,2,CSA,77,3,B,DISTINCTION
S717,2018,DDT1C,JUNE,1,ICS,64,2,C,PASS
S718,2016,DDT1A,JUNE,3,ICS,97,4,A+,EXCEPTIONAL
S719,2018,DDT1C,DEC,3,ICS,76,3,B,DISTINCTION
S720,2018,DDT1C,DEC,2,ICS,68,2.3,C+,PASS
S721,2018,DDT1C,DEC,1,CSA,64,2,C,PASS
S722,2018,DDT1C,DEC,3,CSA,43,0,E,FAIL
S723,2017,DDT1B,JUNE,3,ICS,76,3,B,DISTINCTION
S724,2016,DDT1A,JUNE,3,CSA,88,3.7,A-,DISTINCTION
S725,2019,DDT1D,JUNE,2,ICS,81,3.3,B+,DISTINCTION
S726,2016,DDT1A,DEC,2,CSA,68,2.3,C+,PASS
S727,2019,DDT1D,JUNE,1,CSA,70,2.7,B-,PASS
S728,2017,DDT1B,DEC,2,ICS,89,3.7,A-,DISTINCTION
S729,2018,DDT1C,JUNE,1,CSA,58,1.7,C-,PASS
S730,2017,DDT1B,JUNE,2,ICS,38,0,F,FAIL
S731,2018,DDT1C,JUNE,3,CSA,62,2,C,PASS
S732,2016,DDT1A,DEC,1,ICS,67,2.3,C+,PASS
S733,2017,DDT1B,DEC,2,CSA,77,3,B,DISTINCTION
S734,2019,DDT1D,DEC,1,CSA,78,3,B,DISTINCTION
S735,2019,DDT1D,JUNE,1,ICS,50,1.3,D+,PASS
S736,2016,DDT1A,DEC,3,CSA,48,1,D,PASS
S737,2017,DDT1B,DEC,3,CSA,46,1,D,PASS
S738,2019,DDT1D,JUNE,2,CSA,85,3.7,A-,DISTINCTION
S739,2019,DDT1D,DEC,1,CSA,55,1.7,C-,PASS
S740,2019,DDT1D,DEC,2,CSA,52,1.3,D+,PASS
S741,2017,DDT1B,DEC,1,ICS,82,3.3,B+,DISTINCTION
S742,2017,DDT1B,DEC,3,ICS,95,4,A+,EXCEPTIONAL
S743,2019,DDT1D,JUNE,2,ICS,45,1,D,PASS
S744,2017,DDT1B,DEC,1,CSA,55,1.7,C-,PASS
S745,2017,DDT1B,DEC,3,ICS,82,3.3,B+,DISTINCTION
S746,2016,DDT1A,JUNE,2,ICS,49,1,D,PASS
S747,2017,DDT1B,JUNE,1,CSA,40,0,E,FAIL
S748,2018,DDT1C,JUNE,1,ICS,94,3.8,A,EXCELLENT
S749,2016,DDT1A,DEC,,ICS,50,1.3,D+,PASS
S750,2016,DDT1A,JUNE,2,CSA,98,4,A+,EXCEPTIONAL
S751,2018,DDT1C,DEC,2,ICS,50,1.3,D+,PASS
S752,2019,DDT1D,JUNE,1,CSA,47,1,D,PASS
S753,2018,DDT1C,JUNE,3,CSA,40,0,E,FAIL
S754,2018,DDT1C,JUNE,1,ICS,50,1.3,D+,PASS
S755,2019,DDT1D,JUNE,3,ICS,45,1,D,PASS
S756,2017,DDT1B,DEC,3,ICS,88,3.7,A-,DISTINCTION
S757,2016,DDT1A,JUNE,1,CSA,41,0,E,FAIL
S758,2019,DDT1D,DEC,3,CSA,53,1.3,D+,PASS
S759,2019,DDT1D,DEC,2,ICS,55,1.7,C-,PASS
S760,2017,DDT1B,JUNE,3,ICS,45,1,D,PASS
S761,2017,DDT1B,DEC,3,CSA,70,2.7,B-,PASS
S762,2018,DDT1C,JUNE,1,ICS,84,3.3,B+,DISTINCTION
S763,2017,DDT1B,JUNE,3,ICS,92,3.8,A,EXCELLENT
S764,2017,DDT1B,DEC,2,CSA,77,3,B,DISTINCTION
S765,2016,DDT1A,DEC,1,ICS,40,0,E,FAIL
S766,2017,DDT1B,JUNE,1,CSA,48,1,D,PASS
S767,2018,DDT1C,JUNE,2,CSA,83,3.3,B+,DISTINCTION
S768,2019,DDT1D,DEC,1,ICS,99,4,A+,EXCEPTIONAL
S769,2019,DDT1D,JUNE,3,CSA,58,1.7,C-,PASS
S770,2018,DDT1C,DEC,2,CSA,60,2,C,PASS
S771,2017,DDT1B,JUNE,2,CSA,45,1,D,PASS
S772,2017,DDT1B,DEC,2,ICS,86,3.7,A-,DISTINCTION
S773,2017,DDT1B,JUNE,2,ICS,71,2.7,B-,PASS
S774,2018,DDT1C,JUNE,2,CSA,84,3.3,B+,DISTINCTION
S775,2019,DDT1D,DEC,3,ICS,71,2.7,B-,PASS
S776,2017,DDT1B,DEC,1,ICS,89,3.7,A-,DISTINCTION
S777,2016,DDT1A,DEC,1,CSA,41,0,E,FAIL
S778,2018,DDT1C,DEC,2,CSA,78,3,B,DISTINCTION
S779,2019,DDT1D,DEC,3,ICS,79,3,B,DISTINCTION
S780,2019,DDT1D,DEC,3,CSA,60,2,C,PASS
S781,2016,DDT1A,DEC,2,ICS,83,3.3,B+,DISTINCTION
S782,2018,DDT1C,DEC,1,CSA,38,0,F,FAIL
S783,2017,DDT1B,JUNE,2,CSA,65,2.3,C+,PASS
S784,2018,DDT1C,DEC,1,ICS,86,3.7,A-,DISTINCTION
S785,2019,DDT1D,DEC,3,ICS,73,2.7,B-,PASS
S786,2017,DDT1B,DEC,3,ICS,53,1.3,D+,PASS
S787,2019,DDT1D,DEC,3,CSA,97,4,A+,EXCEPTIONAL
S788,2018,DDT1C,DEC,2,ICS,70,2.7,B-,PASS
S789,2016,DDT1A,DEC,3,ICS,77,3,B,DISTINCTION
S790,2017,DDT1B,DEC,1,CSA,67,2.3,C+,PASS
S791,2017,DDT1B,JUNE,1,ICS,79,3,B,DISTINCTION
S792,2019,DDT1D,JUNE,3,CSA,58,1.7,C-,PASS
S793,2016,DDT1A,JUNE,2,ICS,87,3.7,A-,DISTINCTION
S794,2017,DDT1B,JUNE,1,ICS,41,0,E,FAIL
S795,2018,DDT1C,DEC,2,ICS,38,0,F,FAIL
S796,2016,DDT1A,DEC,3,ICS,60,2,C,PASS
S797,2016,DDT1A,JUNE,3,ICS,87,3.7,A-,DISTINCTION
S798,2019,DDT1D,DEC,3,CSA,86,3.7,A-,DISTINCTION
S799,2017,DDT1B,DEC,2,ICS,87,3.7,A-,DISTINCTION
S800,2019,DDT1D,DEC,1,ICS,57,1.7,C-,PASS
S801,2016,DDT1A,DEC,1,CSA,52,1.3,D+,PASS
S802,2017,DDT1B,JUNE,2,ICS,91,3.8,A,EXCELLENT
S803,2018,DDT1C,JUNE,2,CSA,53,1.3,D+,PASS
S804,2018,DDT1C,DEC,2,ICS,42,0,E,FAIL
S805,2019,DDT1D,DEC,3,CSA,69,2.3,C+,PASS
S806,2016,DDT1A,JUNE,2,ICS,87,3.7,A-,DISTINCTION
S807,2017,DDT1B,DEC,2,ICS,93,3.8,A,EXCELLENT
S808,2016,DDT1A,DEC,2,CSA,58,1.7,C-,PASS
S809,2016,DDT1A,DEC,2,CSA,97,4,A+,EXCEPTIONAL
S810,2019,DDT1D,DEC,3,ICS,83,3.3,B+,DISTINCTION
S811,2019,DDT1D,DEC,1,CSA,69,2.3,C+,PASS
S812,2018,DDT1C,JUNE,2,CSA,79,3,B,DISTINCTION
S813,2018,DDT1C,JUNE,3,ICS,48,1,D,PASS
S814,2017,DDT1B,DEC,2,ICS,54,1.3,D+,PASS
S815,2017,DDT1B,JUNE,2,CSA,48,1,D,PASS
S816,2016,DDT1A,DEC,1,ICS,39,0,F,FAIL
S817,2016,DDT1A,DEC,3,ICS,43,0,E,FAIL
S818,2016,DDT1A,JUNE,2,ICS,66,2.3,C+,PASS
S819,2017,DDT1B,JUNE,2,CSA,47,1,D,PASS
S820,2017,DDT1B,DEC,3,ICS,53,1.3,D+,PASS
S821,2017,DDT1B,DEC,1,ICS,71,2.7,B-,PASS
S822,2017,DDT1B,DEC,1,ICS,78,3,B,DISTINCTION
S823,2017,DDT1B,DEC,2,ICS,83,3.3,B+,DISTINCTION
S824,2018,DDT1C,JUNE,1,ICS,64,2,C,PASS
S825,2016,DDT1A,JUNE,3,CSA,68,2.3,C+,PASS
S826,2016,DDT1A,JUNE,3,ICS,62,2,C,PASS
S827,2016,DDT1A,DEC,1,CSA,98,4,A+,EXCEPTIONAL
S828,2017,DDT1B,JUNE,3,CSA,69,2.3,C+,PASS
S829,2016,DDT1A,JUNE,3,CSA,55,1.7,C-,PASS
S830,2019,DDT1D,DEC,2,CSA,48,1,D,PASS
S831,2018,DDT1C,JUNE,3,CSA,58,1.7,C-,PASS
S832,2017,DDT1B,JUNE,1,CSA,94,3.8,A,EXCELLENT
S833,2017,DDT1B,JUNE,1,ICS,66,2.3,C+,PASS
S834,2018,DDT1C,JUNE,1,ICS,64,2,C,PASS
S835,2018,DDT1C,DEC,1,CSA,67,2.3,C+,PASS
S836,2016,DDT1A,JUNE,2,CSA,94,3.8,A,EXCELLENT
S837,2016,DDT1A,JUNE,2,CSA,97,4,A+,EXCEPTIONAL
S838,2017,DDT1B,DEC,3,ICS,41,0,E,FAIL
S839,2017,DDT1B,JUNE,3,CSA,48,1,D,PASS
S840,2017,DDT1B,DEC,2,CSA,80,3.3,B+,DISTINCTION
S841,2019,DDT1D,JUNE,3,ICS,65,2.3,C+,PASS
S842,2019,DDT1D,JUNE,3,CSA,80,3.3,B+,DISTINCTION
S843,2018,DDT1C,JUNE,3,CSA,53,1.3,D+,PASS
S844,2017,DDT1B,JUNE,1,CSA,58,1.7,C-,PASS
S845,2018,DDT1C,DEC,3,ICS,70,2.7,B-,PASS
S846,2018,DDT1C,JUNE,2,ICS,44,0,E,FAIL
S847,2016,DDT1A,DEC,2,ICS,50,1.3,D+,PASS
S848,2017,DDT1B,JUNE,1,CSA,44,0,E,FAIL
S849,2016,DDT1A,JUNE,1,CSA,85,3.7,A-,DISTINCTION
S850,2016,DDT1A,DEC,3,ICS,53,1.3,D+,PASS
S851,2018,DDT1C,DEC,1,,46,1,D,PASS
S852,2017,DDT1B,DEC,1,CSA,93,3.8,A,EXCELLENT
S853,2016,DDT1A,JUNE,1,ICS,66,2.3,C+,PASS
S854,2016,DDT1A,DEC,1,ICS,72,2.7,B-,PASS
S855,2017,DDT1B,DEC,3,ICS,39,0,F,FAIL
S856,2017,DDT1B,JUNE,2,CSA,89,3.7,A-,DISTINCTION
S857,2019,DDT1D,JUNE,3,CSA,45,1,D,PASS
S858,2016,DDT1A,DEC,3,CSA,98,4,A+,EXCEPTIONAL
S859,2017,DDT1B,DEC,3,CSA,92,3.8,A,EXCELLENT
S860,2016,DDT1A,JUNE,1,CSA,95,4,A+,EXCEPTIONAL
S861,2016,DDT1A,JUNE,2,ICS,43,0,E,FAIL
S862,2016,DDT1A,JUNE,1,CSA,63,2,C,PASS
S863,2018,DDT1C,JUNE,2,CSA,66,2.3,C+,PASS
S864,2019,DDT1D,JUNE,3,CSA,65,2.3,C+,PASS
S865,2016,DDT1A,DEC,3,ICS,39,0,F,FAIL
S866,2017,DDT1B,JUNE,2,ICS,73,2.7,B-,PASS
S867,2016,DDT1A,JUNE,3,CSA,86,3.7,A-,DISTINCTION
S868,2018,DDT1C,JUNE,2,ICS,53,1.3,D+,PASS
S869,2017,DDT1B,DEC,1,CSA,88,3.7,A-,DISTINCTION
S870,2018,DDT1C,JUNE,1,CSA,73,2.7,B-,PASS
S871,2017,DDT1B,JUNE,1,ICS,64,2,C,PASS
S872,2019,DDT1D,JUNE,3,ICS,67,2.3,C+,PASS
S873,2019,DDT1D,JUNE,1,CSA,84,3.3,B+,DISTINCTION
S874,2017,DDT1B,JUNE,3,ICS,91,3.8,A,EXCELLENT
S875,2018,DDT1C,DEC,3,CSA,52,1.3,D+,PASS
S876,2019,DDT1D,DEC,1,ICS,75,3,B,DISTINCTION
S877,2016,DDT1A,DEC,1,ICS,98,4,A+,EXCEPTIONAL
S878,2017,DDT1B,DEC,3,ICS,46,1,D,PASS
S879,2018,DDT1C,DEC,3,ICS,47,1,D,PASS
S880,2016,DDT1A,DEC,3,CSA,77,3,B,DISTINCTION
S881,2017,DDT1B,JUNE,2,CSA,56,1.7,C-,PASS
S882,2016,DDT1A,JUNE,2,ICS,63,2,C,PASS
S883,2019,DDT1D,JUNE,1,CSA,79,3,B,DISTINCTION
S884,2017,DDT1B,JUNE,3,ICS,77,3,B,DISTINCTION
S885,2016,DDT1A,DEC,1,CSA,71,2.7,B-,PASS
S886,2017,DDT1B,DEC,3,ICS,46,1,D,PASS
S887,2016,DDT1A,DEC,2,CSA,97,4,A+,EXCEPTIONAL
S888,2019,DDT1D,DEC,1,ICS,99,4,A+,EXCEPTIONAL
S889,2017,DDT1B,DEC,3,CSA,86,3.7,A-,DISTINCTION
S890,2018,DDT1C,JUNE,3,ICS,68,2.3,C+,PASS
S891,2016,DDT1A,JUNE,2,CSA,88,3.7,A-,DISTINCTION
S892,2018,DDT1C,DEC,1,CSA,85,3.7,A-,DISTINCTION
S893,2017,DDT1B,DEC,3,CSA,69,2.3,C+,PASS
S894,2019,DDT1D,JUNE,1,CSA,85,3.7,A-,DISTINCTION
S895,2018,DDT1C,DEC,1,ICS,97,4,A+,EXCEPTIONAL
S896,2016,DDT1A,JUNE,3,CSA,89,3.7,A-,DISTINCTION
S897,2018,DDT1C,DEC,1,CSA,70,2.7,B-,PASS
S898,2016,DDT1A,JUNE,3,ICS,90,3.8,A,EXCELLENT
S899,2017,DDT1B,DEC,3,ICS,81,3.3,B+,DISTINCTION
S900,2017,DDT1B,DEC,1,CSA,62,2,C,PASS
S901,2018,DDT1C,JUNE,1,ICS,60,2,C,PASS
S902,2019,DDT1D,JUNE,1,ICS,46,1,D,PASS
S903,2016,DDT1A,DEC,1,ICS,63,2,C,PASS
S904,2018,DDT1C,DEC,3,CSA,45,1,D,PASS
S905,2016,DDT1A,DEC,2,CSA,94,3.8,A,EXCELLENT
S906,2017,DDT1B,DEC,1,CSA,59,1.7,C-,PASS
S907,2019,DDT1D,JUNE,2,ICS,84,3.3,B+,DISTINCTION
S908,2018,DDT1C,JUNE,2,CSA,59,1.7,C-,PASS
S909,2019,DDT1D,JUNE,2,ICS,53,1.3,D+,PASS
S910,2018,DDT1C,JUNE,2,ICS,70,2.7,B-,PASS
S911,2017,DDT1B,JUNE,2,ICS,49,1,D,PASS
S912,2019,DDT1D,DEC,,CSA,79,3,B,DISTINCTION
S913,2017,DDT1B,JUNE,1,CSA,42,0,E,FAIL
S914,2016,DDT1A,JUNE,1,ICS,78,3,B,DISTINCTION
S915,2018,DDT1C,DEC,3,CSA,85,3.7,A-,DISTINCTION
S916,2016,DDT1A,JUNE,3,CSA,41,0,E,FAIL
S917,2017,DDT1B,DEC,1,ICS,95,4,A+,EXCEPTIONAL
S918,2018,DDT1C,JUNE,2,ICS,88,3.7,A-,DISTINCTION
S919,2018,DDT1C,JUNE,3,ICS,88,3.7,A-,DISTINCTION
S920,2018,DDT1C,DEC,2,ICS,83,3.3,B+,DISTINCTION
S921,2016,DDT1A,DEC,1,CSA,79,3,B,DISTINCTION
S922,2019,DDT1D,DEC,2,CSA,47,1,D,PASS
S923,2019,DDT1D,JUNE,3,ICS,63,2,C,PASS
S924,2017,DDT1B,DEC,3,ICS,95,4,A+,EXCEPTIONAL
S925,2016,DDT1A,JUNE,2,CSA,75,3,B,DISTINCTION
S926,2016,DDT1A,JUNE,1,ICS,39,0,F,FAIL
S927,2017,DDT1B,JUNE,1,ICS,98,4,A+,EXCEPTIONAL
S928,2017,DDT1B,JUNE,2,ICS,45,1,D,PASS
S929,2016,DDT1A,JUNE,3,ICS,43,0,E,FAIL
S930,2018,DDT1C,DEC,1,ICS,71,2.7,B-,PASS
S931,2016,DDT1A,JUNE,1,ICS,90,3.8,A,EXCELLENT
S932,2017,DDT1B,JUNE,1,ICS,80,3.3,B+,DISTINCTION
S933,2018,DDT1C,JUNE,1,CSA,83,3.3,B+,DISTINCTION
S934,2016,DDT1A,JUNE,2,CSA,48,1,D,PASS
S935,2018,DDT1C,DEC,3,ICS,96,4,A+,EXCEPTIONAL
S936,2019,DDT1D,DEC,1,ICS,70,2.7,B-,PASS
S937,2016,DDT1A,JUNE,3,ICS,45,1,D,PASS
S938,2016,DDT1A,JUNE,1,CSA,45,1,D,PASS
S939,2017,DDT1B,JUNE,1,ICS,54,1.3,D+,PASS
S940,2018,DDT1C,JUNE,1,CSA,95,4,A+,EXCEPTIONAL
S941,2019,DDT1D,DEC,2,ICS,46,1,D,PASS
S942,2018,DDT1C,DEC,3,CSA,59,1.7,C-,PASS
S943,2018,DDT1C,DEC,1,CSA,57,1.7,C-,PASS
S944,2018,DDT1C,JUNE,2,CSA,40,0,E,FAIL
S945,2018,DDT1C,DEC,3,CSA,86,3.7,A-,DISTINCTION
S946,2017,DDT1B,DEC,2,ICS,43,0,E,FAIL
S947,2019,DDT1D,JUNE,2,CSA,40,0,E,FAIL
S948,2017,DDT1B,DEC,1,CSA,45,1,D,PASS
S949,2017,DDT1B,DEC,3,CSA,90,3.8,A,EXCELLENT
S950,2018,DDT1C,DEC,1,CSA,99,4,A+,EXCEPTIONAL
S951,2018,DDT1C,JUNE,1,ICS,49,1,D,PASS
S952,2019,DDT1D,JUNE,2,ICS,94,3.8,A,EXCELLENT
S953,2016,DDT1A,DEC,3,ICS,61,2,C,PASS
S954,2019,DDT1D,JUNE,2,CSA,55,1.7,C-,PASS
S955,2018,DDT1C,DEC,1,CSA,94,3.8,A,EXCELLENT
S956,2017,DDT1B,JUNE,3,ICS,94,3.8,A,EXCELLENT
S957,2016,DDT1A,JUNE,3,CSA,67,2.3,C+,PASS
S958,2019,DDT1D,JUNE,2,CSA,94,3.8,A,EXCELLENT
S959,2019,DDT1D,JUNE,3,ICS,40,0,E,FAIL
S960,2017,DDT1B,JUNE,3,CSA,89,3.7,A-,DISTINCTION
S961,2017,DDT1B,DEC,3,CSA,65,2.3,C+,PASS
S962,2019,DDT1D,JUNE,2,ICS,84,3.3,B+,DISTINCTION
S963,2019,DDT1D,JUNE,2,CSA,83,3.3,B+,DISTINCTION
S964,2019,DDT1D,JUNE,2,CSA,52,1.3,D+,PASS
S965,2016,DDT1A,DEC,3,CSA,46,1,D,PASS
S966,2016,DDT1A,DEC,2,ICS,98,4,A+,EXCEPTIONAL
S967,2016,DDT1A,DEC,2,ICS,76,3,B,DISTINCTION
S968,2017,DDT1B,DEC,1,CSA,89,3.7,A-,DISTINCTION
S969,2018,DDT1C,JUNE,2,ICS,88,3.7,A-,DISTINCTION
S970,2018,DDT1C,JUNE,3,CSA,91,3.8,A,EXCELLENT
S971,2019,DDT1D,DEC,3,CSA,58,1.7,C-,PASS
S972,2019,DDT1D,DEC,2,ICS,41,0,E,FAIL
S973,2016,DDT1A,JUNE,1,ICS,68,2.3,C+,PASS
S974,2018,DDT1C,JUNE,3,ICS,83,3.3,B+,DISTINCTION
S975,2019,DDT1D,JUNE,2,CSA,57,1.7,C-,PASS
S976,2017,DDT1B,JUNE,1,CSA,57,1.7,C-,PASS
S977,2016,DDT1A,DEC,3,ICS,89,3.7,A-,DISTINCTION
S978,2017,DDT1B,DEC,3,ICS,77,3,B,DISTINCTION
S979,2016,DDT1A,DEC,1,ICS,75,3,B,DISTINCTION
S980,2017,DDT1B,JUNE,1,CSA,49,1,D,PASS
S981,2019,DDT1D,DEC,1,ICS,79,3,B,DISTINCTION
S982,2016,DDT1A,DEC,2,CSA,45,1,D,PASS
S983,2016,DDT1A,DEC,1,ICS,91,3.8,A,EXCELLENT
S984,2017,DDT1B,DEC,2,ICS,66,2.3,C+,PASS
S985,2016,DDT1A,JUNE,1,ICS,71,2.7,B-,PASS
S986,2018,DDT1C,DEC,1,ICS,44,0,E,FAIL
S987,2019,DDT1D,DEC,2,CSA,57,1.7,C-,PASS
S988,2016,DDT1A,DEC,2,ICS,52,1.3,D+,PASS
S989,2019,DDT1D,DEC,1,CSA,67,2.3,C+,PASS
S990,2017,DDT1B,DEC,1,ICS,66,2.3,C+,PASS
S991,2016,DDT1A,DEC,1,CSA,66,2.3,C+,PASS
S992,2019,DDT1D,DEC,1,ICS,63,2,C,PASS
S993,2019,DDT1D,JUNE,1,ICS,56,1.7,C-,PASS
S994,2019,DDT1D,DEC,1,ICS,66,2.3,C+,PASS
S995,2019,DDT1D,JUNE,3,ICS,53,1.3,D+,PASS
S996,2016,DDT1A,JUNE,1,ICS,48,1,D,PASS
S997,2018,DDT1C,DEC,2,ICS,86,3.7,A-,DISTINCTION
S998,2017,DDT1B,DEC,1,CSA,92,3.8,A,EXCELLENT
S999,2016,DDT1A,JUNE,2,ICS,46,1,D,PASS
S1000,2017,DDT1B,DEC,3,ICS,80,3.3,B+,DISTINCTION
S1001,2018,DDT1C,DEC,3,ICS,94,3.8,A,EXCELLENT
S1002,2017,DDT1B,JUNE,2,CSA,89,3.7,A-,DISTINCTION
S1003,2019,DDT1D,DEC,2,ICS,54,1.3,D+,PASS
S1004,2019,DDT1D,JUNE,1,ICS,95,4,A+,EXCEPTIONAL
S1005,2019,DDT1D,DEC,2,CSA,44,0,E,FAIL
S1006,2017,DDT1B,DEC,3,CSA,54,1.3,D+,PASS
S1007,2016,DDT1A,JUNE,3,CSA,92,3.8,A,EXCELLENT
S1008,2016,DDT1A,DEC,3,CSA,58,1.7,C-,PASS
S1009,2017,DDT1B,DEC,1,ICS,43,0,E,FAIL
S1010,2018,DDT1C,DEC,1,CSA,49,1,D,PASS
S1011,2016,DDT1A,JUNE,3,CSA,54,1.3,D+,PASS
S1012,2016,DDT1A,DEC,2,CSA,59,1.7,C-,PASS
S1013,2018,DDT1C,DEC,3,CSA,52,1.3,D+,PASS
S1014,2016,DDT1A,JUNE,2,CSA,60,2,C,PASS
S1015,2019,DDT1D,DEC,2,CSA,73,2.7,B-,PASS
S1016,2017,DDT1B,DEC,3,ICS,44,0,E,FAIL
S1017,2016,DDT1A,DEC,3,CSA,84,3.3,B+,DISTINCTION
S1018,2019,DDT1D,JUNE,3,CSA,91,3.8,A,EXCELLENT
S1019,2016,DDT1A,DEC,1,ICS,88,3.7,A-,DISTINCTION
S1020,2019,DDT1D,JUNE,2,ICS,50,1.3,D+,PASS
S1021,2019,DDT1D,JUNE,3,ICS,68,2.3,C+,PASS
S1022,2019,DDT1D,DEC,2,CSA,61,2,C,PASS
S1023,2018,DDT1C,DEC,1,ICS,81,3.3,B+,DISTINCTION
S1024,2018,DDT1C,JUNE,1,ICS,58,1.7,C-,PASS
S1025,2018,DDT1C,DEC,3,CSA,87,3.7,A-,DISTINCTION
S1026,2017,DDT1B,DEC,3,CSA,78,3,B,DISTINCTION
S1027,2017,DDT1B,DEC,3,CSA,76,3,B,DISTINCTION
S1028,2018,DDT1C,DEC,3,ICS,81,3.3,B+,DISTINCTION
S1029,2016,DDT1A,DEC,3,ICS,50,1.3,D+,PASS
S1030,2016,DDT1A,JUNE,2,CSA,62,2,C,PASS
S1031,2016,DDT1A,JUNE,3,ICS,49,1,D,PASS
S1032,2017,DDT1B,DEC,2,ICS,64,2,C,PASS
S1033,2016,DDT1A,JUNE,1,CSA,65,2.3,C+,PASS
S1034,2016,DDT1A,DEC,3,ICS,46,1,D,PASS
S1035,2016,DDT1A,DEC,3,CSA,86,3.7,A-,DISTINCTION
S1036,2019,DDT1D,JUNE,1,CSA,46,1,D,PASS
S1037,2016,DDT1A,JUNE,3,ICS,39,0,F,FAIL
S1038,2019,DDT1D,DEC,3,CSA,52,1.3,D+,PASS
S1039,2016,DDT1A,DEC,3,ICS,52,1.3,D+,PASS
S1040,2018,DDT1C,DEC,2,CSA,40,0,E,FAIL
S1041,2016,DDT1A,DEC,3,ICS,44,0,E,FAIL
S1042,2016,DDT1A,JUNE,1,CSA,68,2.3,C+,PASS
S1043,2017,DDT1B,DEC,3,CSA,53,1.3,D+,PASS
S1044,2016,DDT1A,DEC,3,CSA,56,1.7,C-,PASS
S1045,2018,DDT1C,JUNE,2,CSA,85,3.7,A-,DISTINCTION
S1046,2018,DDT1C,JUNE,2,CSA,56,1.7,C-,PASS
S1047,2017,DDT1B,JUNE,3,ICS,98,4,A+,EXCEPTIONAL
S1048,2017,DDT1B,JUNE,1,CSA,94,3.8,A,EXCELLENT
S1049,2019,DDT1D,DEC,2,CSA,76,3,B,DISTINCTION
S1050,2018,DDT1C,JUNE,1,,70,2.7,B-,PASS
S1051,2018,DDT1C,DEC,2,ICS,44,0,E,FAIL
S1052,2018,DDT1C,JUNE,1,ICS,48,1,D,PASS
S1053,2017,DDT1B,DEC,1,CSA,41,0,E,FAIL
S1054,2017,DDT1B,DEC,3,ICS,77,3,B,DISTINCTION
S1055,2019,DDT1D,DEC,3,CSA,50,1.3,D+,PASS
S1056,2018,DDT1C,JUNE,3,ICS,60,2,C,PASS
S1057,2017,DDT1B,DEC,3,ICS,59,1.7,C-,PASS
S1058,2018,DDT1C,JUNE,3,ICS,68,2.3,C+,PASS
S1059,2019,DDT1D,JUNE,1,CSA,73,2.7,B-,PASS
S1060,2016,DDT1A,DEC,1,CSA,46,1,D,PASS
S1061,2019,DDT1D,JUNE,1,CSA,39,0,F,FAIL
S1062,2019,DDT1D,JUNE,3,ICS,86,3.7,A-,DISTINCTION
S1063,2019,DDT1D,DEC,2,ICS,57,1.7,C-,PASS
S1064,2016,DDT1A,JUNE,3,ICS,69,2.3,C+,PASS
S1065,2017,DDT1B,DEC,3,ICS,96,4,A+,EXCEPTIONAL
S1066,2019,DDT1D,DEC,2,CSA,92,3.8,A,EXCELLENT
S1067,2017,DDT1B,JUNE,1,ICS,84,3.3,B+,DISTINCTION
S1068,2016,DDT1A,DEC,3,ICS,40,0,E,FAIL
S1069,2018,DDT1C,DEC,2,ICS,83,3.3,B+,DISTINCTION
S1070,2017,DDT1B,JUNE,3,CSA,88,3.7,A-,DISTINCTION
S1071,2019,DDT1D,JUNE,2,ICS,63,2,C,PASS
S1072,2016,DDT1A,JUNE,2,CSA,78,3,B,DISTINCTION
S1073,2016,DDT1A,JUNE,3,ICS,79,3,B,DISTINCTION
S1074,2018,DDT1C,JUNE,3,ICS,93,3.8,A,EXCELLENT
S1075,2016,DDT1A,JUNE,3,CSA,72,2.7,B-,PASS
S1076,2017,DDT1B,JUNE,2,ICS,54,1.3,D+,PASS
S1077,2016,DDT1A,JUNE,2,ICS,45,1,D,PASS
S1078,2019,DDT1D,DEC,1,ICS,70,2.7,B-,PASS
S1079,2017,DDT1B,JUNE,2,CSA,61,2,C,PASS
S1080,2017,DDT1B,DEC,2,ICS,60,2,C,PASS
S1081,2018,DDT1C,JUNE,2,CSA,66,2.3,C+,PASS
S1082,2017,DDT1B,JUNE,3,CSA,84,3.3,B+,DISTINCTION
S1083,2019,DDT1D,JUNE,3,CSA,41,0,E,FAIL
S1084,2019,DDT1D,DEC,3,ICS,53,1.3,D+,PASS
S1085,2016,DDT1A,JUNE,3,ICS,42,0,E,FAIL
S1086,2017,DDT1B,JUNE,3,ICS,62,2,C,PASS
S1087,2018,DDT1C,JUNE,3,ICS,77,3,B,DISTINCTION
S1088,2016,DDT1A,DEC,3,CSA,90,3.8,A,EXCELLENT
S1089,2017,DDT1B,JUNE,2,ICS,97,4,A+,EXCEPTIONAL
S1090,2016,DDT1A,DEC,1,CSA,71,2.7,B-,PASS
S1091,2018,DDT1C,JUNE,1,CSA,48,1,D,PASS
S1092,2017,DDT1B,JUNE,1,CSA,85,3.7,A-,DISTINCTION
S1093,2019,DDT1D,DEC,1,ICS,63,2,C,PASS
S1094,2019,DDT1D,JUNE,3,ICS,73,2.7,B-,PASS
S1095,2018,DDT1C,DEC,2,CSA,59,1.7,C-,PASS
S1096,2016,DDT1A,JUNE,1,CSA,71,2.7,B-,PASS
S1097,2017,DDT1B,DEC,2,ICS,93,3.8,A,EXCELLENT
S1098,2018,DDT1C,JUNE,2,ICS,94,3.8,A,EXCELLENT
S1099,2017,DDT1B,JUNE,3,CSA,85,3.7,A-,DISTINCTION
S1100,2016,DDT1A,JUNE,2,CSA,53,1.3,D+,PASS
S1101,2016,DDT1A,JUNE,2,ICS,98,4,A+,EXCEPTIONAL
S1102,2018,DDT1C,DEC,2,ICS,69,2.3,C+,PASS
S1103,2016,DDT1A,JUNE,3,ICS,84,3.3,B+,DISTINCTION
S1104,2016,DDT1A,DEC,2,ICS,53,1.3,D+,PASS
S1105,2018,DDT1C,DEC,3,ICS,56,1.7,C-,PASS
S1106,2016,DDT1A,DEC,1,ICS,87,3.7,A-,DISTINCTION
S1107,2019,DDT1D,JUNE,3,ICS,82,3.3,B+,DISTINCTION
S1108,2019,DDT1D,JUNE,3,ICS,91,3.8,A,EXCELLENT
S1109,2019,DDT1D,JUNE,2,CSA,56,1.7,C-,PASS
S1110,2019,DDT1D,DEC,1,CSA,47,1,D,PASS
S1111,2017,DDT1B,DEC,1,CSA,78,3,B,DISTINCTION
S1112,2016,DDT1A,DEC,2,ICS,68,2.3,C+,PASS
S1113,2019,DDT1D,DEC,2,ICS,61,2,C,PASS
S1114,2017,DDT1B,JUNE,3,CSA,55,1.7,C-,PASS
S1115,2018,DDT1C,JUNE,1,CSA,83,3.3,B+,DISTINCTION
S1116,2017,DDT1B,JUNE,3,CSA,84,3.3,B+,DISTINCTION
S1117,2018,DDT1C,DEC,3,ICS,83,3.3,B+,DISTINCTION
S1118,2018,DDT1C,DEC,3,ICS,86,3.7,A-,DISTINCTION
S1119,2017,DDT1B,DEC,2,CSA,48,1,D,PASS
S1120,2018,DDT1C,DEC,3,ICS,73,2.7,B-,PASS
S1121,2019,DDT1D,JUNE,2,CSA,70,2.7,B-,PASS
S1122,2016,DDT1A,JUNE,3,ICS,38,0,F,FAIL
S1123,2019,DDT1D,JUNE,1,ICS,67,2.3,C+,PASS
S1124,2016,DDT1A,DEC,1,CSA,94,3.8,A,EXCELLENT
S1125,2017,DDT1B,JUNE,1,ICS,39,0,F,FAIL
S1126,2017,DDT1B,DEC,2,ICS,58,1.7,C-,PASS
S1127,2016,DDT1A,JUNE,1,CSA,43,0,E,FAIL
S1128,2019,DDT1D,JUNE,2,CSA,70,2.7,B-,PASS
S1129,2017,DDT1B,DEC,3,ICS,91,3.8,A,EXCELLENT
S1130,2019,DDT1D,DEC,3,CSA,78,3,B,DISTINCTION
S1131,2016,DDT1A,JUNE,2,CSA,43,0,E,FAIL
S1132,2017,DDT1B,JUNE,1,CSA,57,1.7,C-,PASS
S1133,2016,DDT1A,DEC,2,CSA,96,4,A+,EXCEPTIONAL
S1134,2017,DDT1B,JUNE,3,ICS,45,1,D,PASS
S1135,2017,DDT1B,DEC,2,ICS,81,3.3,B+,DISTINCTION
S1136,2017,DDT1B,DEC,1,ICS,98,4,A+,EXCEPTIONAL
S1137,2019,DDT1D,DEC,1,CSA,46,1,D,PASS
S1138,2019,DDT1D,DEC,2,ICS,63,2,C,PASS
S1139,2019,DDT1D,DEC,1,ICS,76,3,B,DISTINCTION
S1140,2017,DDT1B,JUNE,3,CSA,95,4,A+,EXCEPTIONAL
S1141,2017,DDT1B,JUNE,1,CSA,77,3,B,DISTINCTION
S1142,2017,DDT1B,DEC,2,ICS,41,0,E,FAIL
S1143,2019,DDT1D,JUNE,3,ICS,41,0,E,FAIL
S1144,2019,DDT1D,JUNE,1,CSA,71,2.7,B-,PASS
S1145,2018,DDT1C,DEC,1,ICS,75,3,B,DISTINCTION
S1146,2019,DDT1D,DEC,1,CSA,43,0,E,FAIL
S1147,2016,DDT1A,DEC,3,CSA,47,1,D,PASS
S1148,2018,DDT1C,JUNE,2,CSA,64,2,C,PASS
S1149,2016,DDT1A,JUNE,2,ICS,52,1.3,D+,PASS
S1150,2017,DDT1B,JUNE,3,CSA,97,4,A+,EXCEPTIONAL
S1151,2017,DDT1B,JUNE,3,ICS,80,3.3,B+,DISTINCTION
S1152,2018,DDT1C,DEC,1,ICS,59,1.7,C-,PASS
S1153,2016,DDT1A,DEC,1,CSA,44,0,E,FAIL
S1154,2016,DDT1A,JUNE,3,CSA,93,3.8,A,EXCELLENT
S1155,2016,DDT1A,JUNE,3,CSA,54,1.3,D+,PASS
S1156,2017,DDT1B,DEC,3,CSA,77,3,B,DISTINCTION
S1157,2017,DDT1B,DEC,1,CSA,99,4,A+,EXCEPTIONAL
S1158,2019,DDT1D,JUNE,2,CSA,58,1.7,C-,PASS
S1159,2019,DDT1D,DEC,2,,79,3,B,DISTINCTION
S1160,2019,DDT1D,DEC,2,ICS,50,1.3,D+,PASS
S1161,2018,DDT1C,JUNE,3,CSA,68,2.3,C+,PASS
S1162,2018,DDT1C,DEC,3,ICS,83,3.3,B+,DISTINCTION
S1163,2016,DDT1A,DEC,2,CSA,48,1,D,PASS
S1164,2018,DDT1C,JUNE,3,ICS,55,1.7,C-,PASS
S1165,2017,DDT1B,DEC,2,ICS,74,2.7,B-,PASS
S1166,2018,DDT1C,JUNE,2,CSA,82,3.3,B+,DISTINCTION
S1167,2018,DDT1C,DEC,2,ICS,38,0,F,FAIL
S1168,2016,DDT1A,JUNE,1,ICS,45,1,D,PASS
S1169,2019,DDT1D,JUNE,3,ICS,63,2,C,PASS
S1170,2016,DDT1A,JUNE,3,CSA,57,1.7,C-,PASS
S1171,2018,DDT1C,DEC,1,CSA,57,1.7,C-,PASS
S1172,2019,DDT1D,JUNE,1,ICS,65,2.3,C+,PASS
S1173,2016,DDT1A,DEC,3,CSA,87,3.7,A-,DISTINCTION
S1174,2019,DDT1D,DEC,3,CSA,92,3.8,A,EXCELLENT
S1175,2016,DDT1A,DEC,2,ICS,56,1.7,C-,PASS
S1176,2018,DDT1C,DEC,1,CSA,67,2.3,C+,PASS
S1177,2018,DDT1C,DEC,1,CSA,52,1.3,D+,PASS
S1178,2018,DDT1C,JUNE,1,ICS,74,2.7,B-,PASS
S1179,2016,DDT1A,DEC,2,ICS,42,0,E,FAIL
S1180,2018,DDT1C,DEC,2,CSA,88,3.7,A-,DISTINCTION
S1181,2016,DDT1A,DEC,3,CSA,52,1.3,D+,PASS
S1182,2017,DDT1B,DEC,1,ICS,53,1.3,D+,PASS
S1183,2018,DDT1C,JUNE,3,ICS,98,4,A+,EXCEPTIONAL
S1184,2017,DDT1B,JUNE,2,ICS,67,2.3,C+,PASS
S1185,2016,DDT1A,JUNE,2,ICS,60,2,C,PASS
S1186,2019,DDT1D,JUNE,1,CSA,98,4,A+,EXCEPTIONAL
S1187,2018,DDT1C,JUNE,2,ICS,77,3,B,DISTINCTION
S1188,2017,DDT1B,DEC,1,ICS,75,3,B,DISTINCTION
S1189,2018,DDT1C,JUNE,3,CSA,57,1.7,C-,PASS
S1190,2016,DDT1A,DEC,1,ICS,71,2.7,B-,PASS
S1191,2019,DDT1D,DEC,3,ICS,69,2.3,C+,PASS
S1192,2016,DDT1A,JUNE,1,ICS,49,1,D,PASS
S1193,2018,DDT1C,DEC,2,CSA,73,2.7,B-,PASS
S1194,2017,DDT1B,JUNE,2,CSA,73,2.7,B-,PASS
S1195,2019,DDT1D,DEC,1,CSA,50,1.3,D+,PASS
S1196,2016,DDT1A,DEC,3,ICS,57,1.7,C-,PASS
S1197,2018,DDT1C,DEC,1,CSA,79,3,B,DISTINCTION
S1198,2018,DDT1C,DEC,2,ICS,75,3,B,DISTINCTION
S1199,2017,DDT1B,JUNE,3,CSA,91,3.8,A,EXCELLENT
S1200,2019,DDT1D,JUNE,2,CSA,41,0,E,FAIL
S1201,2019,DDT1D,DEC,2,ICS,42,0,E,FAIL
S1202,2016,DDT1A,JUNE,2,ICS,82,3.3,B+,DISTINCTION
S1203,2018,DDT1C,JUNE,2,CSA,61,2,C,PASS
S1204,2017,DDT1B,DEC,1,CSA,74,2.7,B-,PASS
S1205,2019,DDT1D,DEC,3,CSA,93,3.8,A,EXCELLENT
S1206,2019,DDT1D,DEC,2,CSA,84,3.3,B+,DISTINCTION
S1207,2016,DDT1A,DEC,1,CSA,62,2,C,PASS
S1208,2019,DDT1D,DEC,2,CSA,94,3.8,A,EXCELLENT
S1209,2019,DDT1D,DEC,2,CSA,89,3.7,A-,DISTINCTION
S1210,2018,DDT1C,JUNE,1,ICS,67,2.3,C+,PASS
S1211,2019,DDT1D,JUNE,3,ICS,68,2.3,C+,PASS
S1212,2016,DDT1A,DEC,2,CSA,38,0,F,FAIL
S1213,2019,DDT1D,DEC,1,CSA,41,0,E,FAIL
S1214,2017,DDT1B,JUNE,2,CSA,60,2,C,PASS
S1215,2017,DDT1B,JUNE,1,CSA,55,1.7,C-,PASS
S1216,2018,DDT1C,DEC,2,ICS,67,2.3,C+,PASS
S1217,2017,DDT1B,DEC,1,CSA,79,3,B,DISTINCTION
S1218,2019,DDT1D,JUNE,3,CSA,57,1.7,C-,PASS
S1219,2016,DDT1A,DEC,1,ICS,61,2,C,PASS
S1220,2018,DDT1C,DEC,1,ICS,52,1.3,D+,PASS
S1221,2017,DDT1B,JUNE,2,CSA,55,1.7,C-,PASS
S1222,2017,DDT1B,DEC,2,CSA,63,2,C,PASS
S1223,2019,DDT1D,DEC,2,ICS,84,3.3,B+,DISTINCTION
S1224,2016,DDT1A,DEC,3,CSA,44,0,E,FAIL
S1225,2018,DDT1C,JUNE,2,ICS,61,2,C,PASS
S1226,2017,DDT1B,JUNE,2,ICS,78,3,B,DISTINCTION
S1227,2018,DDT1C,DEC,2,CSA,80,3.3,B+,DISTINCTION
S1228,2017,DDT1B,DEC,2,ICS,65,2.3,C+,PASS
S1229,2017,DDT1B,JUNE,3,ICS,53,1.3,D+,PASS
S1230,2018,DDT1C,DEC,3,CSA,63,2,C,PASS
S1231,2019,DDT1D,JUNE,3,CSA,45,1,D,PASS
S1232,2019,DDT1D,DEC,3,ICS,93,3.8,A,EXCELLENT
S1233,2019,DDT1D,DEC,2,ICS,55,1.7,C-,PASS
S1234,2018,DDT1C,DEC,1,CSA,90,3.8,A,EXCELLENT
S1235,2018,DDT1C,DEC,3,ICS,95,4,A+,EXCEPTIONAL
S1236,2018,DDT1C,DEC,3,ICS,90,3.8,A,EXCELLENT
S1237,2018,DDT1C,JUNE,1,CSA,64,2,C,PASS
S1238,2018,DDT1C,JUNE,1,CSA,72,2.7,B-,PASS
S1239,2018,DDT1C,JUNE,1,ICS,74,2.7,B-,PASS
S1240,2018,DDT1C,DEC,3,ICS,91,3.8,A,EXCELLENT
S1241,2019,DDT1D,DEC,3,CSA,98,4,A+,EXCEPTIONAL
S1242,2018,DDT1C,JUNE,3,ICS,76,3,B,DISTINCTION
S1243,2018,DDT1C,DEC,1,ICS,95,4,A+,EXCEPTIONAL
S1244,2019,DDT1D,JUNE,3,CSA,94,3.8,A,EXCELLENT
S1245,2016,DDT1A,DEC,1,CSA,75,3,B,DISTINCTION
S1246,2016,DDT1A,JUNE,2,ICS,73,2.7,B-,PASS
S1247,2018,DDT1C,DEC,1,CSA,47,1,D,PASS
S1248,2019,DDT1D,DEC,1,CSA,62,2,C,PASS
S1249,2017,DDT1B,JUNE,3,,43,0,E,FAIL
S1250,2016,DDT1A,DEC,1,ICS,67,2.3,C+,PASS
S1251,2018,DDT1C,JUNE,2,CSA,60,2,C,PASS
S1252,2017,DDT1B,JUNE,1,CSA,81,3.3,B+,DISTINCTION
S1253,2017,DDT1B,DEC,1,ICS,48,1,D,PASS
S1254,2019,DDT1D,JUNE,3,ICS,80,3.3,B+,DISTINCTION
S1255,2018,DDT1C,DEC,3,CSA,48,1,D,PASS
S1256,2016,DDT1A,JUNE,1,ICS,71,2.7,B-,PASS
S1257,2019,DDT1D,DEC,1,ICS,68,2.3,C+,PASS
S1258,2018,DDT1C,JUNE,1,CSA,85,3.7,A-,DISTINCTION
S1259,2017,DDT1B,DEC,2,ICS,63,2,C,PASS
S1260,2019,DDT1D,DEC,3,ICS,44,0,E,FAIL
S1261,2018,DDT1C,DEC,2,CSA,72,2.7,B-,PASS
S1262,2018,DDT1C,JUNE,3,ICS,94,3.8,A,EXCELLENT
S1263,2017,DDT1B,JUNE,3,CSA,96,4,A+,EXCEPTIONAL
S1264,2016,DDT1A,DEC,1,ICS,98,4,A+,EXCEPTIONAL
S1265,2018,DDT1C,DEC,2,ICS,79,3,B,DISTINCTION
S1266,2019,DDT1D,JUNE,1,ICS,55,1.7,C-,PASS
S1267,2018,DDT1C,DEC,2,CSA,48,1,D,PASS
S1268,2017,DDT1B,JUNE,2,CSA,40,0,E,FAIL
S1269,2019,DDT1D,DEC,1,CSA,79,3,B,DISTINCTION
S1270,2018,DDT1C,DEC,3,ICS,68,2.3,C+,PASS
S1271,2019,DDT1D,JUNE,1,CSA,42,0,E,FAIL
S1272,2016,DDT1A,JUNE,2,CSA,38,0,F,FAIL
S1273,2018,DDT1C,DEC,2,CSA,43,0,E,FAIL
S1274,2017,DDT1B,DEC,3,ICS,76,3,B,DISTINCTION
S1275,2016,DDT1A,JUNE,3,CSA,56,1.7,C-,PASS
S1276,2018,DDT1C,DEC,3,ICS,70,2.7,B-,PASS
S1277,2016,DDT1A,JUNE,3,ICS,60,2,C,PASS
S1278,2016,DDT1A,JUNE,3,CSA,61,2,C,PASS
S1279,2018,DDT1C,DEC,1,ICS,76,3,B,DISTINCTION
S1280,2016,DDT1A,JUNE,3,CSA,68,2.3,C+,PASS
S1281,2018,DDT1C,DEC,1,CSA,52,1.3,D+,PASS
S1282,2017,DDT1B,JUNE,1,ICS,75,3,B,DISTINCTION
